ISO-10303-21;
HEADER;
FILE_DESCRIPTION(('Open CASCADE Model'),'2;1');
FILE_NAME('Open CASCADE Shape Model','2026-08-14T09:53:04',('Author'),(
    'Open CASCADE'),'Open CASCADE STEP processor 7.5','Open CASCADE 7.5'
  ,'Unknown');
FILE_SCHEMA(('AUTOMOTIVE_DESIGN { 1 0 10303 214 1 1 1 1 }'));
ENDSEC;
DATA;
#1 = APPLICATION_PROTOCOL_DEFINITION('international standard',
  'automotive_design',2000,#2);
#2 = APPLICATION_CONTEXT(
  'core data for automotive mechanical design processes');
#3 = SHAPE_DEFINITION_REPRESENTATION(#4,#10);
#4 = PRODUCT_DEFINITION_SHAPE('','',#5);
#5 = PRODUCT_DEFINITION('design','',#6,#9);
#6 = PRODUCT_DEFINITION_FORMATION('','',#7);
#7 = PRODUCT('PCB','PCB','',(#8));
#8 = PRODUCT_CONTEXT('',#2,'mechanical');
#9 = PRODUCT_DEFINITION_CONTEXT('part definition',#2,'design');
#10 = SHAPE_REPRESENTATION('',(#11,#15,#19,#23,#27,#31,#35,#39,#43,#47,
    #51,#55,#59,#63,#67,#71,#75,#79,#83,#87,#91,#95),#99);
#11 = AXIS2_PLACEMENT_3D('',#12,#13,#14);
#12 = CARTESIAN_POINT('',(0.,0.,0.));
#13 = DIRECTION('',(0.,0.,1.));
#14 = DIRECTION('',(1.,0.,-0.));
#15 = AXIS2_PLACEMENT_3D('',#16,#17,#18);
#16 = CARTESIAN_POINT('',(0.,0.,0.));
#17 = DIRECTION('',(0.,0.,1.));
#18 = DIRECTION('',(1.,0.,-0.));
#19 = AXIS2_PLACEMENT_3D('',#20,#21,#22);
#20 = CARTESIAN_POINT('',(0.,0.,0.));
#21 = DIRECTION('',(0.,0.,1.));
#22 = DIRECTION('',(1.,0.,-0.));
#23 = AXIS2_PLACEMENT_3D('',#24,#25,#26);
#24 = CARTESIAN_POINT('',(0.,0.,0.));
#25 = DIRECTION('',(0.,0.,1.));
#26 = DIRECTION('',(1.,0.,-0.));
#27 = AXIS2_PLACEMENT_3D('',#28,#29,#30);
#28 = CARTESIAN_POINT('',(0.,0.,0.));
#29 = DIRECTION('',(0.,0.,1.));
#30 = DIRECTION('',(1.,0.,-0.));
#31 = AXIS2_PLACEMENT_3D('',#32,#33,#34);
#32 = CARTESIAN_POINT('',(0.,0.,0.));
#33 = DIRECTION('',(0.,0.,1.));
#34 = DIRECTION('',(1.,0.,-0.));
#35 = AXIS2_PLACEMENT_3D('',#36,#37,#38);
#36 = CARTESIAN_POINT('',(0.,0.,0.));
#37 = DIRECTION('',(0.,0.,1.));
#38 = DIRECTION('',(1.,0.,-0.));
#39 = AXIS2_PLACEMENT_3D('',#40,#41,#42);
#40 = CARTESIAN_POINT('',(0.,0.,0.));
#41 = DIRECTION('',(0.,0.,1.));
#42 = DIRECTION('',(1.,0.,-0.));
#43 = AXIS2_PLACEMENT_3D('',#44,#45,#46);
#44 = CARTESIAN_POINT('',(0.,0.,0.));
#45 = DIRECTION('',(0.,0.,1.));
#46 = DIRECTION('',(1.,0.,-0.));
#47 = AXIS2_PLACEMENT_3D('',#48,#49,#50);
#48 = CARTESIAN_POINT('',(0.,0.,0.));
#49 = DIRECTION('',(0.,0.,1.));
#50 = DIRECTION('',(1.,0.,-0.));
#51 = AXIS2_PLACEMENT_3D('',#52,#53,#54);
#52 = CARTESIAN_POINT('',(0.,0.,0.));
#53 = DIRECTION('',(0.,0.,1.));
#54 = DIRECTION('',(1.,0.,-0.));
#55 = AXIS2_PLACEMENT_3D('',#56,#57,#58);
#56 = CARTESIAN_POINT('',(0.,0.,0.));
#57 = DIRECTION('',(0.,0.,1.));
#58 = DIRECTION('',(1.,0.,-0.));
#59 = AXIS2_PLACEMENT_3D('',#60,#61,#62);
#60 = CARTESIAN_POINT('',(0.,0.,0.));
#61 = DIRECTION('',(0.,0.,1.));
#62 = DIRECTION('',(1.,0.,-0.));
#63 = AXIS2_PLACEMENT_3D('',#64,#65,#66);
#64 = CARTESIAN_POINT('',(0.,0.,0.));
#65 = DIRECTION('',(0.,0.,1.));
#66 = DIRECTION('',(1.,0.,-0.));
#67 = AXIS2_PLACEMENT_3D('',#68,#69,#70);
#68 = CARTESIAN_POINT('',(0.,0.,0.));
#69 = DIRECTION('',(0.,0.,1.));
#70 = DIRECTION('',(1.,0.,-0.));
#71 = AXIS2_PLACEMENT_3D('',#72,#73,#74);
#72 = CARTESIAN_POINT('',(0.,0.,0.));
#73 = DIRECTION('',(0.,0.,1.));
#74 = DIRECTION('',(1.,0.,-0.));
#75 = AXIS2_PLACEMENT_3D('',#76,#77,#78);
#76 = CARTESIAN_POINT('',(0.,0.,0.));
#77 = DIRECTION('',(0.,0.,1.));
#78 = DIRECTION('',(1.,0.,-0.));
#79 = AXIS2_PLACEMENT_3D('',#80,#81,#82);
#80 = CARTESIAN_POINT('',(0.,0.,0.));
#81 = DIRECTION('',(0.,0.,1.));
#82 = DIRECTION('',(1.,0.,-0.));
#83 = AXIS2_PLACEMENT_3D('',#84,#85,#86);
#84 = CARTESIAN_POINT('',(0.,0.,0.));
#85 = DIRECTION('',(0.,0.,1.));
#86 = DIRECTION('',(1.,0.,-0.));
#87 = AXIS2_PLACEMENT_3D('',#88,#89,#90);
#88 = CARTESIAN_POINT('',(0.,0.,0.));
#89 = DIRECTION('',(0.,0.,1.));
#90 = DIRECTION('',(1.,0.,-0.));
#91 = AXIS2_PLACEMENT_3D('',#92,#93,#94);
#92 = CARTESIAN_POINT('',(0.,0.,0.));
#93 = DIRECTION('',(0.,0.,1.));
#94 = DIRECTION('',(1.,0.,-0.));
#95 = AXIS2_PLACEMENT_3D('',#96,#97,#98);
#96 = CARTESIAN_POINT('',(0.,0.,0.));
#97 = DIRECTION('',(0.,0.,1.));
#98 = DIRECTION('',(1.,0.,-0.));
#99 = ( GEOMETRIC_REPRESENTATION_CONTEXT(3) 
GLOBAL_UNCERTAINTY_ASSIGNED_CONTEXT((#103)) GLOBAL_UNIT_ASSIGNED_CONTEXT
((#100,#101,#102)) REPRESENTATION_CONTEXT('Context #1',
  '3D Context with UNIT and UNCERTAINTY') );
#100 = ( LENGTH_UNIT() NAMED_UNIT(*) SI_UNIT(.MILLI.,.METRE.) );
#101 = ( NAMED_UNIT(*) PLANE_ANGLE_UNIT() SI_UNIT($,.RADIAN.) );
#102 = ( NAMED_UNIT(*) SI_UNIT($,.STERADIAN.) SOLID_ANGLE_UNIT() );
#103 = UNCERTAINTY_MEASURE_WITH_UNIT(LENGTH_MEASURE(1.E-07),#100,
  'distance_accuracy_value','confusion accuracy');
#104 = PRODUCT_RELATED_PRODUCT_CATEGORY('part',$,(#7));
#105 = SHAPE_DEFINITION_REPRESENTATION(#106,#112);
#106 = PRODUCT_DEFINITION_SHAPE('','',#107);
#107 = PRODUCT_DEFINITION('design','',#108,#111);
#108 = PRODUCT_DEFINITION_FORMATION('','',#109);
#109 = PRODUCT('Board','Board','',(#110));
#110 = PRODUCT_CONTEXT('',#2,'mechanical');
#111 = PRODUCT_DEFINITION_CONTEXT('part definition',#2,'design');
#112 = SHAPE_REPRESENTATION('',(#11,#113),#117);
#113 = AXIS2_PLACEMENT_3D('',#114,#115,#116);
#114 = CARTESIAN_POINT('',(0.,0.,-0.4072636));
#115 = DIRECTION('',(0.,0.,1.));
#116 = DIRECTION('',(1.,0.,-0.));
#117 = ( GEOMETRIC_REPRESENTATION_CONTEXT(3) 
GLOBAL_UNCERTAINTY_ASSIGNED_CONTEXT((#121)) GLOBAL_UNIT_ASSIGNED_CONTEXT
((#118,#119,#120)) REPRESENTATION_CONTEXT('Context #1',
  '3D Context with UNIT and UNCERTAINTY') );
#118 = ( LENGTH_UNIT() NAMED_UNIT(*) SI_UNIT(.MILLI.,.METRE.) );
#119 = ( NAMED_UNIT(*) PLANE_ANGLE_UNIT() SI_UNIT($,.RADIAN.) );
#120 = ( NAMED_UNIT(*) SI_UNIT($,.STERADIAN.) SOLID_ANGLE_UNIT() );
#121 = UNCERTAINTY_MEASURE_WITH_UNIT(LENGTH_MEASURE(1.E-07),#118,
  'distance_accuracy_value','confusion accuracy');
#122 = ADVANCED_BREP_SHAPE_REPRESENTATION('',(#11,#123),#1488);
#123 = MANIFOLD_SOLID_BREP('',#124);
#124 = CLOSED_SHELL('',(#125,#165,#196,#229,#262,#293,#326,#359,#390,
    #421,#452,#485,#518,#549,#582,#615,#646,#677,#708,#739,#770,#792,
    #832,#865,#896,#920,#960,#993,#1024,#1048,#1081,#1121,#1154,#1185,
    #1209,#1242,#1282,#1315,#1346,#1370,#1429));
#125 = ADVANCED_FACE('',(#126),#160,.T.);
#126 = FACE_BOUND('',#127,.T.);
#127 = EDGE_LOOP('',(#128,#138,#146,#154));
#128 = ORIENTED_EDGE('',*,*,#129,.T.);
#129 = EDGE_CURVE('',#130,#132,#134,.T.);
#130 = VERTEX_POINT('',#131);
#131 = CARTESIAN_POINT('',(0.,28.231,0.));
#132 = VERTEX_POINT('',#133);
#133 = CARTESIAN_POINT('',(0.,28.231,0.4072636));
#134 = LINE('',#135,#136);
#135 = CARTESIAN_POINT('',(0.,28.231,0.));
#136 = VECTOR('',#137,1.);
#137 = DIRECTION('',(0.,0.,1.));
#138 = ORIENTED_EDGE('',*,*,#139,.T.);
#139 = EDGE_CURVE('',#132,#140,#142,.T.);
#140 = VERTEX_POINT('',#141);
#141 = CARTESIAN_POINT('',(1.875,28.231,0.4072636));
#142 = LINE('',#143,#144);
#143 = CARTESIAN_POINT('',(0.,28.231,0.4072636));
#144 = VECTOR('',#145,1.);
#145 = DIRECTION('',(1.,0.,0.));
#146 = ORIENTED_EDGE('',*,*,#147,.F.);
#147 = EDGE_CURVE('',#148,#140,#150,.T.);
#148 = VERTEX_POINT('',#149);
#149 = CARTESIAN_POINT('',(1.875,28.231,0.));
#150 = LINE('',#151,#152);
#151 = CARTESIAN_POINT('',(1.875,28.231,0.));
#152 = VECTOR('',#153,1.);
#153 = DIRECTION('',(0.,0.,1.));
#154 = ORIENTED_EDGE('',*,*,#155,.F.);
#155 = EDGE_CURVE('',#130,#148,#156,.T.);
#156 = LINE('',#157,#158);
#157 = CARTESIAN_POINT('',(0.,28.231,0.));
#158 = VECTOR('',#159,1.);
#159 = DIRECTION('',(1.,0.,0.));
#160 = PLANE('',#161);
#161 = AXIS2_PLACEMENT_3D('',#162,#163,#164);
#162 = CARTESIAN_POINT('',(0.,28.231,0.));
#163 = DIRECTION('',(0.,1.,0.));
#164 = DIRECTION('',(1.,0.,0.));
#165 = ADVANCED_FACE('',(#166),#191,.T.);
#166 = FACE_BOUND('',#167,.T.);
#167 = EDGE_LOOP('',(#168,#169,#177,#185));
#168 = ORIENTED_EDGE('',*,*,#147,.T.);
#169 = ORIENTED_EDGE('',*,*,#170,.T.);
#170 = EDGE_CURVE('',#140,#171,#173,.T.);
#171 = VERTEX_POINT('',#172);
#172 = CARTESIAN_POINT('',(1.875,28.362,0.4072636));
#173 = LINE('',#174,#175);
#174 = CARTESIAN_POINT('',(1.875,28.231,0.4072636));
#175 = VECTOR('',#176,1.);
#176 = DIRECTION('',(0.,1.,0.));
#177 = ORIENTED_EDGE('',*,*,#178,.F.);
#178 = EDGE_CURVE('',#179,#171,#181,.T.);
#179 = VERTEX_POINT('',#180);
#180 = CARTESIAN_POINT('',(1.875,28.362,0.));
#181 = LINE('',#182,#183);
#182 = CARTESIAN_POINT('',(1.875,28.362,0.));
#183 = VECTOR('',#184,1.);
#184 = DIRECTION('',(0.,0.,1.));
#185 = ORIENTED_EDGE('',*,*,#186,.F.);
#186 = EDGE_CURVE('',#148,#179,#187,.T.);
#187 = LINE('',#188,#189);
#188 = CARTESIAN_POINT('',(1.875,28.231,0.));
#189 = VECTOR('',#190,1.);
#190 = DIRECTION('',(0.,1.,0.));
#191 = PLANE('',#192);
#192 = AXIS2_PLACEMENT_3D('',#193,#194,#195);
#193 = CARTESIAN_POINT('',(1.875,28.231,0.));
#194 = DIRECTION('',(-1.,0.,0.));
#195 = DIRECTION('',(0.,1.,0.));
#196 = ADVANCED_FACE('',(#197),#224,.T.);
#197 = FACE_BOUND('',#198,.T.);
#198 = EDGE_LOOP('',(#199,#200,#209,#217));
#199 = ORIENTED_EDGE('',*,*,#178,.T.);
#200 = ORIENTED_EDGE('',*,*,#201,.T.);
#201 = EDGE_CURVE('',#171,#202,#204,.T.);
#202 = VERTEX_POINT('',#203);
#203 = CARTESIAN_POINT('',(2.12,28.98,0.4072636));
#204 = CIRCLE('',#205,0.909898370224);
#205 = AXIS2_PLACEMENT_3D('',#206,#207,#208);
#206 = CARTESIAN_POINT('',(2.784892903318,28.358845855481,0.4072636));
#207 = DIRECTION('',(0.,0.,-1.));
#208 = DIRECTION('',(-0.99999399174,3.466480018732E-03,0.));
#209 = ORIENTED_EDGE('',*,*,#210,.F.);
#210 = EDGE_CURVE('',#211,#202,#213,.T.);
#211 = VERTEX_POINT('',#212);
#212 = CARTESIAN_POINT('',(2.12,28.98,0.));
#213 = LINE('',#214,#215);
#214 = CARTESIAN_POINT('',(2.12,28.98,0.));
#215 = VECTOR('',#216,1.);
#216 = DIRECTION('',(0.,0.,1.));
#217 = ORIENTED_EDGE('',*,*,#218,.F.);
#218 = EDGE_CURVE('',#179,#211,#219,.T.);
#219 = CIRCLE('',#220,0.909898370224);
#220 = AXIS2_PLACEMENT_3D('',#221,#222,#223);
#221 = CARTESIAN_POINT('',(2.784892903318,28.358845855481,0.));
#222 = DIRECTION('',(0.,0.,-1.));
#223 = DIRECTION('',(-0.99999399174,3.466480018732E-03,0.));
#224 = CYLINDRICAL_SURFACE('',#225,0.909898370224);
#225 = AXIS2_PLACEMENT_3D('',#226,#227,#228);
#226 = CARTESIAN_POINT('',(2.784892903318,28.358845855481,0.));
#227 = DIRECTION('',(0.,0.,-1.));
#228 = DIRECTION('',(-0.99999399174,3.466480018732E-03,0.));
#229 = ADVANCED_FACE('',(#230),#257,.T.);
#230 = FACE_BOUND('',#231,.T.);
#231 = EDGE_LOOP('',(#232,#233,#242,#250));
#232 = ORIENTED_EDGE('',*,*,#210,.T.);
#233 = ORIENTED_EDGE('',*,*,#234,.T.);
#234 = EDGE_CURVE('',#202,#235,#237,.T.);
#235 = VERTEX_POINT('',#236);
#236 = CARTESIAN_POINT('',(2.527,29.149,0.4072636));
#237 = CIRCLE('',#238,0.57698944709);
#238 = AXIS2_PLACEMENT_3D('',#239,#240,#241);
#239 = CARTESIAN_POINT('',(2.527997716895,28.572011415525,0.4072636));
#240 = DIRECTION('',(0.,0.,-1.));
#241 = DIRECTION('',(-0.707114694996,0.707098867289,0.));
#242 = ORIENTED_EDGE('',*,*,#243,.F.);
#243 = EDGE_CURVE('',#244,#235,#246,.T.);
#244 = VERTEX_POINT('',#245);
#245 = CARTESIAN_POINT('',(2.527,29.149,0.));
#246 = LINE('',#247,#248);
#247 = CARTESIAN_POINT('',(2.527,29.149,0.));
#248 = VECTOR('',#249,1.);
#249 = DIRECTION('',(0.,0.,1.));
#250 = ORIENTED_EDGE('',*,*,#251,.F.);
#251 = EDGE_CURVE('',#211,#244,#252,.T.);
#252 = CIRCLE('',#253,0.57698944709);
#253 = AXIS2_PLACEMENT_3D('',#254,#255,#256);
#254 = CARTESIAN_POINT('',(2.527997716895,28.572011415525,0.));
#255 = DIRECTION('',(0.,0.,-1.));
#256 = DIRECTION('',(-0.707114694996,0.707098867289,0.));
#257 = CYLINDRICAL_SURFACE('',#258,0.57698944709);
#258 = AXIS2_PLACEMENT_3D('',#259,#260,#261);
#259 = CARTESIAN_POINT('',(2.527997716895,28.572011415525,0.));
#260 = DIRECTION('',(0.,0.,-1.));
#261 = DIRECTION('',(-0.707114694996,0.707098867289,0.));
#262 = ADVANCED_FACE('',(#263),#288,.T.);
#263 = FACE_BOUND('',#264,.T.);
#264 = EDGE_LOOP('',(#265,#266,#274,#282));
#265 = ORIENTED_EDGE('',*,*,#243,.T.);
#266 = ORIENTED_EDGE('',*,*,#267,.T.);
#267 = EDGE_CURVE('',#235,#268,#270,.T.);
#268 = VERTEX_POINT('',#269);
#269 = CARTESIAN_POINT('',(2.621,29.149,0.4072636));
#270 = LINE('',#271,#272);
#271 = CARTESIAN_POINT('',(2.527,29.149,0.4072636));
#272 = VECTOR('',#273,1.);
#273 = DIRECTION('',(1.,0.,0.));
#274 = ORIENTED_EDGE('',*,*,#275,.F.);
#275 = EDGE_CURVE('',#276,#268,#278,.T.);
#276 = VERTEX_POINT('',#277);
#277 = CARTESIAN_POINT('',(2.621,29.149,0.));
#278 = LINE('',#279,#280);
#279 = CARTESIAN_POINT('',(2.621,29.149,0.));
#280 = VECTOR('',#281,1.);
#281 = DIRECTION('',(0.,0.,1.));
#282 = ORIENTED_EDGE('',*,*,#283,.F.);
#283 = EDGE_CURVE('',#244,#276,#284,.T.);
#284 = LINE('',#285,#286);
#285 = CARTESIAN_POINT('',(2.527,29.149,0.));
#286 = VECTOR('',#287,1.);
#287 = DIRECTION('',(1.,0.,0.));
#288 = PLANE('',#289);
#289 = AXIS2_PLACEMENT_3D('',#290,#291,#292);
#290 = CARTESIAN_POINT('',(2.527,29.149,0.));
#291 = DIRECTION('',(0.,1.,0.));
#292 = DIRECTION('',(1.,0.,0.));
#293 = ADVANCED_FACE('',(#294),#321,.T.);
#294 = FACE_BOUND('',#295,.T.);
#295 = EDGE_LOOP('',(#296,#297,#306,#314));
#296 = ORIENTED_EDGE('',*,*,#275,.T.);
#297 = ORIENTED_EDGE('',*,*,#298,.T.);
#298 = EDGE_CURVE('',#268,#299,#301,.T.);
#299 = VERTEX_POINT('',#300);
#300 = CARTESIAN_POINT('',(2.986,28.998,0.4072636));
#301 = CIRCLE('',#302,0.516267171353);
#302 = AXIS2_PLACEMENT_3D('',#303,#304,#305);
#303 = CARTESIAN_POINT('',(2.621155234657,28.632732851986,0.4072636));
#304 = DIRECTION('',(0.,0.,-1.));
#305 = DIRECTION('',(-3.006866708694E-04,0.999999954794,0.));
#306 = ORIENTED_EDGE('',*,*,#307,.F.);
#307 = EDGE_CURVE('',#308,#299,#310,.T.);
#308 = VERTEX_POINT('',#309);
#309 = CARTESIAN_POINT('',(2.986,28.998,0.));
#310 = LINE('',#311,#312);
#311 = CARTESIAN_POINT('',(2.986,28.998,0.));
#312 = VECTOR('',#313,1.);
#313 = DIRECTION('',(0.,0.,1.));
#314 = ORIENTED_EDGE('',*,*,#315,.F.);
#315 = EDGE_CURVE('',#276,#308,#316,.T.);
#316 = CIRCLE('',#317,0.516267171353);
#317 = AXIS2_PLACEMENT_3D('',#318,#319,#320);
#318 = CARTESIAN_POINT('',(2.621155234657,28.632732851986,0.));
#319 = DIRECTION('',(0.,0.,-1.));
#320 = DIRECTION('',(-3.006866708694E-04,0.999999954794,0.));
#321 = CYLINDRICAL_SURFACE('',#322,0.516267171353);
#322 = AXIS2_PLACEMENT_3D('',#323,#324,#325);
#323 = CARTESIAN_POINT('',(2.621155234657,28.632732851986,0.));
#324 = DIRECTION('',(0.,0.,-1.));
#325 = DIRECTION('',(-3.006866708694E-04,0.999999954794,0.));
#326 = ADVANCED_FACE('',(#327),#354,.T.);
#327 = FACE_BOUND('',#328,.T.);
#328 = EDGE_LOOP('',(#329,#330,#339,#347));
#329 = ORIENTED_EDGE('',*,*,#307,.T.);
#330 = ORIENTED_EDGE('',*,*,#331,.T.);
#331 = EDGE_CURVE('',#299,#332,#334,.T.);
#332 = VERTEX_POINT('',#333);
#333 = CARTESIAN_POINT('',(3.248,28.366,0.4072636));
#334 = CIRCLE('',#335,0.892550018448);
#335 = AXIS2_PLACEMENT_3D('',#336,#337,#338);
#336 = CARTESIAN_POINT('',(2.355450030025,28.366294158017,0.4072636));
#337 = DIRECTION('',(0.,0.,-1.));
#338 = DIRECTION('',(0.706458973662,0.707753995772,0.));
#339 = ORIENTED_EDGE('',*,*,#340,.F.);
#340 = EDGE_CURVE('',#341,#332,#343,.T.);
#341 = VERTEX_POINT('',#342);
#342 = CARTESIAN_POINT('',(3.248,28.366,0.));
#343 = LINE('',#344,#345);
#344 = CARTESIAN_POINT('',(3.248,28.366,0.));
#345 = VECTOR('',#346,1.);
#346 = DIRECTION('',(0.,0.,1.));
#347 = ORIENTED_EDGE('',*,*,#348,.F.);
#348 = EDGE_CURVE('',#308,#341,#349,.T.);
#349 = CIRCLE('',#350,0.892550018448);
#350 = AXIS2_PLACEMENT_3D('',#351,#352,#353);
#351 = CARTESIAN_POINT('',(2.355450030025,28.366294158017,0.));
#352 = DIRECTION('',(0.,0.,-1.));
#353 = DIRECTION('',(0.706458973662,0.707753995772,0.));
#354 = CYLINDRICAL_SURFACE('',#355,0.892550018448);
#355 = AXIS2_PLACEMENT_3D('',#356,#357,#358);
#356 = CARTESIAN_POINT('',(2.355450030025,28.366294158017,0.));
#357 = DIRECTION('',(0.,0.,-1.));
#358 = DIRECTION('',(0.706458973662,0.707753995772,0.));
#359 = ADVANCED_FACE('',(#360),#385,.T.);
#360 = FACE_BOUND('',#361,.T.);
#361 = EDGE_LOOP('',(#362,#363,#371,#379));
#362 = ORIENTED_EDGE('',*,*,#340,.T.);
#363 = ORIENTED_EDGE('',*,*,#364,.T.);
#364 = EDGE_CURVE('',#332,#365,#367,.T.);
#365 = VERTEX_POINT('',#366);
#366 = CARTESIAN_POINT('',(3.246,28.231,0.4072636));
#367 = LINE('',#368,#369);
#368 = CARTESIAN_POINT('',(3.248,28.366,0.4072636));
#369 = VECTOR('',#370,1.);
#370 = DIRECTION('',(-1.481318931395E-02,-0.999890278692,0.));
#371 = ORIENTED_EDGE('',*,*,#372,.F.);
#372 = EDGE_CURVE('',#373,#365,#375,.T.);
#373 = VERTEX_POINT('',#374);
#374 = CARTESIAN_POINT('',(3.246,28.231,0.));
#375 = LINE('',#376,#377);
#376 = CARTESIAN_POINT('',(3.246,28.231,0.));
#377 = VECTOR('',#378,1.);
#378 = DIRECTION('',(0.,0.,1.));
#379 = ORIENTED_EDGE('',*,*,#380,.F.);
#380 = EDGE_CURVE('',#341,#373,#381,.T.);
#381 = LINE('',#382,#383);
#382 = CARTESIAN_POINT('',(3.248,28.366,0.));
#383 = VECTOR('',#384,1.);
#384 = DIRECTION('',(-1.481318931395E-02,-0.999890278692,0.));
#385 = PLANE('',#386);
#386 = AXIS2_PLACEMENT_3D('',#387,#388,#389);
#387 = CARTESIAN_POINT('',(3.248,28.366,0.));
#388 = DIRECTION('',(0.999890278692,-1.481318931395E-02,0.));
#389 = DIRECTION('',(-1.481318931395E-02,-0.999890278692,0.));
#390 = ADVANCED_FACE('',(#391),#416,.T.);
#391 = FACE_BOUND('',#392,.T.);
#392 = EDGE_LOOP('',(#393,#394,#402,#410));
#393 = ORIENTED_EDGE('',*,*,#372,.T.);
#394 = ORIENTED_EDGE('',*,*,#395,.T.);
#395 = EDGE_CURVE('',#365,#396,#398,.T.);
#396 = VERTEX_POINT('',#397);
#397 = CARTESIAN_POINT('',(10.525,28.231,0.4072636));
#398 = LINE('',#399,#400);
#399 = CARTESIAN_POINT('',(3.246,28.231,0.4072636));
#400 = VECTOR('',#401,1.);
#401 = DIRECTION('',(1.,0.,0.));
#402 = ORIENTED_EDGE('',*,*,#403,.F.);
#403 = EDGE_CURVE('',#404,#396,#406,.T.);
#404 = VERTEX_POINT('',#405);
#405 = CARTESIAN_POINT('',(10.525,28.231,0.));
#406 = LINE('',#407,#408);
#407 = CARTESIAN_POINT('',(10.525,28.231,0.));
#408 = VECTOR('',#409,1.);
#409 = DIRECTION('',(0.,0.,1.));
#410 = ORIENTED_EDGE('',*,*,#411,.F.);
#411 = EDGE_CURVE('',#373,#404,#412,.T.);
#412 = LINE('',#413,#414);
#413 = CARTESIAN_POINT('',(3.246,28.231,0.));
#414 = VECTOR('',#415,1.);
#415 = DIRECTION('',(1.,0.,0.));
#416 = PLANE('',#417);
#417 = AXIS2_PLACEMENT_3D('',#418,#419,#420);
#418 = CARTESIAN_POINT('',(3.246,28.231,0.));
#419 = DIRECTION('',(0.,1.,0.));
#420 = DIRECTION('',(1.,0.,0.));
#421 = ADVANCED_FACE('',(#422),#447,.T.);
#422 = FACE_BOUND('',#423,.T.);
#423 = EDGE_LOOP('',(#424,#425,#433,#441));
#424 = ORIENTED_EDGE('',*,*,#403,.T.);
#425 = ORIENTED_EDGE('',*,*,#426,.T.);
#426 = EDGE_CURVE('',#396,#427,#429,.T.);
#427 = VERTEX_POINT('',#428);
#428 = CARTESIAN_POINT('',(10.525,28.362,0.4072636));
#429 = LINE('',#430,#431);
#430 = CARTESIAN_POINT('',(10.525,28.231,0.4072636));
#431 = VECTOR('',#432,1.);
#432 = DIRECTION('',(0.,1.,0.));
#433 = ORIENTED_EDGE('',*,*,#434,.F.);
#434 = EDGE_CURVE('',#435,#427,#437,.T.);
#435 = VERTEX_POINT('',#436);
#436 = CARTESIAN_POINT('',(10.525,28.362,0.));
#437 = LINE('',#438,#439);
#438 = CARTESIAN_POINT('',(10.525,28.362,0.));
#439 = VECTOR('',#440,1.);
#440 = DIRECTION('',(0.,0.,1.));
#441 = ORIENTED_EDGE('',*,*,#442,.F.);
#442 = EDGE_CURVE('',#404,#435,#443,.T.);
#443 = LINE('',#444,#445);
#444 = CARTESIAN_POINT('',(10.525,28.231,0.));
#445 = VECTOR('',#446,1.);
#446 = DIRECTION('',(0.,1.,0.));
#447 = PLANE('',#448);
#448 = AXIS2_PLACEMENT_3D('',#449,#450,#451);
#449 = CARTESIAN_POINT('',(10.525,28.231,0.));
#450 = DIRECTION('',(-1.,0.,0.));
#451 = DIRECTION('',(0.,1.,0.));
#452 = ADVANCED_FACE('',(#453),#480,.T.);
#453 = FACE_BOUND('',#454,.T.);
#454 = EDGE_LOOP('',(#455,#456,#465,#473));
#455 = ORIENTED_EDGE('',*,*,#434,.T.);
#456 = ORIENTED_EDGE('',*,*,#457,.T.);
#457 = EDGE_CURVE('',#427,#458,#460,.T.);
#458 = VERTEX_POINT('',#459);
#459 = CARTESIAN_POINT('',(10.77,28.98,0.4072636));
#460 = CIRCLE('',#461,0.909898370224);
#461 = AXIS2_PLACEMENT_3D('',#462,#463,#464);
#462 = CARTESIAN_POINT('',(11.434892903318,28.358845855481,0.4072636));
#463 = DIRECTION('',(0.,0.,-1.));
#464 = DIRECTION('',(-0.99999399174,3.466480018732E-03,0.));
#465 = ORIENTED_EDGE('',*,*,#466,.F.);
#466 = EDGE_CURVE('',#467,#458,#469,.T.);
#467 = VERTEX_POINT('',#468);
#468 = CARTESIAN_POINT('',(10.77,28.98,0.));
#469 = LINE('',#470,#471);
#470 = CARTESIAN_POINT('',(10.77,28.98,0.));
#471 = VECTOR('',#472,1.);
#472 = DIRECTION('',(0.,0.,1.));
#473 = ORIENTED_EDGE('',*,*,#474,.F.);
#474 = EDGE_CURVE('',#435,#467,#475,.T.);
#475 = CIRCLE('',#476,0.909898370224);
#476 = AXIS2_PLACEMENT_3D('',#477,#478,#479);
#477 = CARTESIAN_POINT('',(11.434892903318,28.358845855481,0.));
#478 = DIRECTION('',(0.,0.,-1.));
#479 = DIRECTION('',(-0.99999399174,3.466480018732E-03,0.));
#480 = CYLINDRICAL_SURFACE('',#481,0.909898370224);
#481 = AXIS2_PLACEMENT_3D('',#482,#483,#484);
#482 = CARTESIAN_POINT('',(11.434892903318,28.358845855481,0.));
#483 = DIRECTION('',(0.,0.,-1.));
#484 = DIRECTION('',(-0.99999399174,3.466480018732E-03,0.));
#485 = ADVANCED_FACE('',(#486),#513,.T.);
#486 = FACE_BOUND('',#487,.T.);
#487 = EDGE_LOOP('',(#488,#489,#498,#506));
#488 = ORIENTED_EDGE('',*,*,#466,.T.);
#489 = ORIENTED_EDGE('',*,*,#490,.T.);
#490 = EDGE_CURVE('',#458,#491,#493,.T.);
#491 = VERTEX_POINT('',#492);
#492 = CARTESIAN_POINT('',(11.177,29.149,0.4072636));
#493 = CIRCLE('',#494,0.57698944709);
#494 = AXIS2_PLACEMENT_3D('',#495,#496,#497);
#495 = CARTESIAN_POINT('',(11.177997716895,28.572011415525,0.4072636));
#496 = DIRECTION('',(0.,0.,-1.));
#497 = DIRECTION('',(-0.707114694996,0.707098867289,0.));
#498 = ORIENTED_EDGE('',*,*,#499,.F.);
#499 = EDGE_CURVE('',#500,#491,#502,.T.);
#500 = VERTEX_POINT('',#501);
#501 = CARTESIAN_POINT('',(11.177,29.149,0.));
#502 = LINE('',#503,#504);
#503 = CARTESIAN_POINT('',(11.177,29.149,0.));
#504 = VECTOR('',#505,1.);
#505 = DIRECTION('',(0.,0.,1.));
#506 = ORIENTED_EDGE('',*,*,#507,.F.);
#507 = EDGE_CURVE('',#467,#500,#508,.T.);
#508 = CIRCLE('',#509,0.57698944709);
#509 = AXIS2_PLACEMENT_3D('',#510,#511,#512);
#510 = CARTESIAN_POINT('',(11.177997716895,28.572011415525,0.));
#511 = DIRECTION('',(0.,0.,-1.));
#512 = DIRECTION('',(-0.707114694996,0.707098867289,0.));
#513 = CYLINDRICAL_SURFACE('',#514,0.57698944709);
#514 = AXIS2_PLACEMENT_3D('',#515,#516,#517);
#515 = CARTESIAN_POINT('',(11.177997716895,28.572011415525,0.));
#516 = DIRECTION('',(0.,0.,-1.));
#517 = DIRECTION('',(-0.707114694996,0.707098867289,0.));
#518 = ADVANCED_FACE('',(#519),#544,.T.);
#519 = FACE_BOUND('',#520,.T.);
#520 = EDGE_LOOP('',(#521,#522,#530,#538));
#521 = ORIENTED_EDGE('',*,*,#499,.T.);
#522 = ORIENTED_EDGE('',*,*,#523,.T.);
#523 = EDGE_CURVE('',#491,#524,#526,.T.);
#524 = VERTEX_POINT('',#525);
#525 = CARTESIAN_POINT('',(11.271,29.149,0.4072636));
#526 = LINE('',#527,#528);
#527 = CARTESIAN_POINT('',(11.177,29.149,0.4072636));
#528 = VECTOR('',#529,1.);
#529 = DIRECTION('',(1.,0.,0.));
#530 = ORIENTED_EDGE('',*,*,#531,.F.);
#531 = EDGE_CURVE('',#532,#524,#534,.T.);
#532 = VERTEX_POINT('',#533);
#533 = CARTESIAN_POINT('',(11.271,29.149,0.));
#534 = LINE('',#535,#536);
#535 = CARTESIAN_POINT('',(11.271,29.149,0.));
#536 = VECTOR('',#537,1.);
#537 = DIRECTION('',(0.,0.,1.));
#538 = ORIENTED_EDGE('',*,*,#539,.F.);
#539 = EDGE_CURVE('',#500,#532,#540,.T.);
#540 = LINE('',#541,#542);
#541 = CARTESIAN_POINT('',(11.177,29.149,0.));
#542 = VECTOR('',#543,1.);
#543 = DIRECTION('',(1.,0.,0.));
#544 = PLANE('',#545);
#545 = AXIS2_PLACEMENT_3D('',#546,#547,#548);
#546 = CARTESIAN_POINT('',(11.177,29.149,0.));
#547 = DIRECTION('',(0.,1.,0.));
#548 = DIRECTION('',(1.,0.,0.));
#549 = ADVANCED_FACE('',(#550),#577,.T.);
#550 = FACE_BOUND('',#551,.T.);
#551 = EDGE_LOOP('',(#552,#553,#562,#570));
#552 = ORIENTED_EDGE('',*,*,#531,.T.);
#553 = ORIENTED_EDGE('',*,*,#554,.T.);
#554 = EDGE_CURVE('',#524,#555,#557,.T.);
#555 = VERTEX_POINT('',#556);
#556 = CARTESIAN_POINT('',(11.636,28.998,0.4072636));
#557 = CIRCLE('',#558,0.516267171353);
#558 = AXIS2_PLACEMENT_3D('',#559,#560,#561);
#559 = CARTESIAN_POINT('',(11.271155234657,28.632732851986,0.4072636));
#560 = DIRECTION('',(0.,0.,-1.));
#561 = DIRECTION('',(-3.006866708685E-04,0.999999954794,0.));
#562 = ORIENTED_EDGE('',*,*,#563,.F.);
#563 = EDGE_CURVE('',#564,#555,#566,.T.);
#564 = VERTEX_POINT('',#565);
#565 = CARTESIAN_POINT('',(11.636,28.998,0.));
#566 = LINE('',#567,#568);
#567 = CARTESIAN_POINT('',(11.636,28.998,0.));
#568 = VECTOR('',#569,1.);
#569 = DIRECTION('',(0.,0.,1.));
#570 = ORIENTED_EDGE('',*,*,#571,.F.);
#571 = EDGE_CURVE('',#532,#564,#572,.T.);
#572 = CIRCLE('',#573,0.516267171353);
#573 = AXIS2_PLACEMENT_3D('',#574,#575,#576);
#574 = CARTESIAN_POINT('',(11.271155234657,28.632732851986,0.));
#575 = DIRECTION('',(0.,0.,-1.));
#576 = DIRECTION('',(-3.006866708685E-04,0.999999954794,0.));
#577 = CYLINDRICAL_SURFACE('',#578,0.516267171353);
#578 = AXIS2_PLACEMENT_3D('',#579,#580,#581);
#579 = CARTESIAN_POINT('',(11.271155234657,28.632732851986,0.));
#580 = DIRECTION('',(0.,0.,-1.));
#581 = DIRECTION('',(-3.006866708685E-04,0.999999954794,0.));
#582 = ADVANCED_FACE('',(#583),#610,.T.);
#583 = FACE_BOUND('',#584,.T.);
#584 = EDGE_LOOP('',(#585,#586,#595,#603));
#585 = ORIENTED_EDGE('',*,*,#563,.T.);
#586 = ORIENTED_EDGE('',*,*,#587,.T.);
#587 = EDGE_CURVE('',#555,#588,#590,.T.);
#588 = VERTEX_POINT('',#589);
#589 = CARTESIAN_POINT('',(11.898,28.366,0.4072636));
#590 = CIRCLE('',#591,0.892550018448);
#591 = AXIS2_PLACEMENT_3D('',#592,#593,#594);
#592 = CARTESIAN_POINT('',(11.005450030025,28.366294158017,0.4072636));
#593 = DIRECTION('',(0.,0.,-1.));
#594 = DIRECTION('',(0.706458973662,0.707753995772,0.));
#595 = ORIENTED_EDGE('',*,*,#596,.F.);
#596 = EDGE_CURVE('',#597,#588,#599,.T.);
#597 = VERTEX_POINT('',#598);
#598 = CARTESIAN_POINT('',(11.898,28.366,0.));
#599 = LINE('',#600,#601);
#600 = CARTESIAN_POINT('',(11.898,28.366,0.));
#601 = VECTOR('',#602,1.);
#602 = DIRECTION('',(0.,0.,1.));
#603 = ORIENTED_EDGE('',*,*,#604,.F.);
#604 = EDGE_CURVE('',#564,#597,#605,.T.);
#605 = CIRCLE('',#606,0.892550018448);
#606 = AXIS2_PLACEMENT_3D('',#607,#608,#609);
#607 = CARTESIAN_POINT('',(11.005450030025,28.366294158017,0.));
#608 = DIRECTION('',(0.,0.,-1.));
#609 = DIRECTION('',(0.706458973662,0.707753995772,0.));
#610 = CYLINDRICAL_SURFACE('',#611,0.892550018448);
#611 = AXIS2_PLACEMENT_3D('',#612,#613,#614);
#612 = CARTESIAN_POINT('',(11.005450030025,28.366294158017,0.));
#613 = DIRECTION('',(0.,0.,-1.));
#614 = DIRECTION('',(0.706458973662,0.707753995772,0.));
#615 = ADVANCED_FACE('',(#616),#641,.T.);
#616 = FACE_BOUND('',#617,.T.);
#617 = EDGE_LOOP('',(#618,#619,#627,#635));
#618 = ORIENTED_EDGE('',*,*,#596,.T.);
#619 = ORIENTED_EDGE('',*,*,#620,.T.);
#620 = EDGE_CURVE('',#588,#621,#623,.T.);
#621 = VERTEX_POINT('',#622);
#622 = CARTESIAN_POINT('',(11.896,28.231,0.4072636));
#623 = LINE('',#624,#625);
#624 = CARTESIAN_POINT('',(11.898,28.366,0.4072636));
#625 = VECTOR('',#626,1.);
#626 = DIRECTION('',(-1.481318931394E-02,-0.999890278692,0.));
#627 = ORIENTED_EDGE('',*,*,#628,.F.);
#628 = EDGE_CURVE('',#629,#621,#631,.T.);
#629 = VERTEX_POINT('',#630);
#630 = CARTESIAN_POINT('',(11.896,28.231,0.));
#631 = LINE('',#632,#633);
#632 = CARTESIAN_POINT('',(11.896,28.231,0.));
#633 = VECTOR('',#634,1.);
#634 = DIRECTION('',(0.,0.,1.));
#635 = ORIENTED_EDGE('',*,*,#636,.F.);
#636 = EDGE_CURVE('',#597,#629,#637,.T.);
#637 = LINE('',#638,#639);
#638 = CARTESIAN_POINT('',(11.898,28.366,0.));
#639 = VECTOR('',#640,1.);
#640 = DIRECTION('',(-1.481318931394E-02,-0.999890278692,0.));
#641 = PLANE('',#642);
#642 = AXIS2_PLACEMENT_3D('',#643,#644,#645);
#643 = CARTESIAN_POINT('',(11.898,28.366,0.));
#644 = DIRECTION('',(0.999890278692,-1.481318931394E-02,0.));
#645 = DIRECTION('',(-1.481318931394E-02,-0.999890278692,0.));
#646 = ADVANCED_FACE('',(#647),#672,.T.);
#647 = FACE_BOUND('',#648,.T.);
#648 = EDGE_LOOP('',(#649,#650,#658,#666));
#649 = ORIENTED_EDGE('',*,*,#628,.T.);
#650 = ORIENTED_EDGE('',*,*,#651,.T.);
#651 = EDGE_CURVE('',#621,#652,#654,.T.);
#652 = VERTEX_POINT('',#653);
#653 = CARTESIAN_POINT('',(13.771,28.231,0.4072636));
#654 = LINE('',#655,#656);
#655 = CARTESIAN_POINT('',(11.896,28.231,0.4072636));
#656 = VECTOR('',#657,1.);
#657 = DIRECTION('',(1.,0.,0.));
#658 = ORIENTED_EDGE('',*,*,#659,.F.);
#659 = EDGE_CURVE('',#660,#652,#662,.T.);
#660 = VERTEX_POINT('',#661);
#661 = CARTESIAN_POINT('',(13.771,28.231,0.));
#662 = LINE('',#663,#664);
#663 = CARTESIAN_POINT('',(13.771,28.231,0.));
#664 = VECTOR('',#665,1.);
#665 = DIRECTION('',(0.,0.,1.));
#666 = ORIENTED_EDGE('',*,*,#667,.F.);
#667 = EDGE_CURVE('',#629,#660,#668,.T.);
#668 = LINE('',#669,#670);
#669 = CARTESIAN_POINT('',(11.896,28.231,0.));
#670 = VECTOR('',#671,1.);
#671 = DIRECTION('',(1.,0.,0.));
#672 = PLANE('',#673);
#673 = AXIS2_PLACEMENT_3D('',#674,#675,#676);
#674 = CARTESIAN_POINT('',(11.896,28.231,0.));
#675 = DIRECTION('',(0.,1.,0.));
#676 = DIRECTION('',(1.,0.,0.));
#677 = ADVANCED_FACE('',(#678),#703,.T.);
#678 = FACE_BOUND('',#679,.T.);
#679 = EDGE_LOOP('',(#680,#681,#689,#697));
#680 = ORIENTED_EDGE('',*,*,#659,.T.);
#681 = ORIENTED_EDGE('',*,*,#682,.T.);
#682 = EDGE_CURVE('',#652,#683,#685,.T.);
#683 = VERTEX_POINT('',#684);
#684 = CARTESIAN_POINT('',(13.771,0.,0.4072636));
#685 = LINE('',#686,#687);
#686 = CARTESIAN_POINT('',(13.771,28.231,0.4072636));
#687 = VECTOR('',#688,1.);
#688 = DIRECTION('',(0.,-1.,0.));
#689 = ORIENTED_EDGE('',*,*,#690,.F.);
#690 = EDGE_CURVE('',#691,#683,#693,.T.);
#691 = VERTEX_POINT('',#692);
#692 = CARTESIAN_POINT('',(13.771,0.,0.));
#693 = LINE('',#694,#695);
#694 = CARTESIAN_POINT('',(13.771,0.,0.));
#695 = VECTOR('',#696,1.);
#696 = DIRECTION('',(0.,0.,1.));
#697 = ORIENTED_EDGE('',*,*,#698,.F.);
#698 = EDGE_CURVE('',#660,#691,#699,.T.);
#699 = LINE('',#700,#701);
#700 = CARTESIAN_POINT('',(13.771,28.231,0.));
#701 = VECTOR('',#702,1.);
#702 = DIRECTION('',(0.,-1.,0.));
#703 = PLANE('',#704);
#704 = AXIS2_PLACEMENT_3D('',#705,#706,#707);
#705 = CARTESIAN_POINT('',(13.771,28.231,0.));
#706 = DIRECTION('',(1.,0.,-0.));
#707 = DIRECTION('',(0.,-1.,0.));
#708 = ADVANCED_FACE('',(#709),#734,.T.);
#709 = FACE_BOUND('',#710,.T.);
#710 = EDGE_LOOP('',(#711,#712,#720,#728));
#711 = ORIENTED_EDGE('',*,*,#690,.T.);
#712 = ORIENTED_EDGE('',*,*,#713,.T.);
#713 = EDGE_CURVE('',#683,#714,#716,.T.);
#714 = VERTEX_POINT('',#715);
#715 = CARTESIAN_POINT('',(-5.E-02,0.,0.4072636));
#716 = LINE('',#717,#718);
#717 = CARTESIAN_POINT('',(13.771,0.,0.4072636));
#718 = VECTOR('',#719,1.);
#719 = DIRECTION('',(-1.,0.,0.));
#720 = ORIENTED_EDGE('',*,*,#721,.F.);
#721 = EDGE_CURVE('',#722,#714,#724,.T.);
#722 = VERTEX_POINT('',#723);
#723 = CARTESIAN_POINT('',(-5.E-02,0.,0.));
#724 = LINE('',#725,#726);
#725 = CARTESIAN_POINT('',(-5.E-02,0.,0.));
#726 = VECTOR('',#727,1.);
#727 = DIRECTION('',(0.,0.,1.));
#728 = ORIENTED_EDGE('',*,*,#729,.F.);
#729 = EDGE_CURVE('',#691,#722,#730,.T.);
#730 = LINE('',#731,#732);
#731 = CARTESIAN_POINT('',(13.771,0.,0.));
#732 = VECTOR('',#733,1.);
#733 = DIRECTION('',(-1.,0.,0.));
#734 = PLANE('',#735);
#735 = AXIS2_PLACEMENT_3D('',#736,#737,#738);
#736 = CARTESIAN_POINT('',(13.771,0.,0.));
#737 = DIRECTION('',(0.,-1.,0.));
#738 = DIRECTION('',(-1.,0.,0.));
#739 = ADVANCED_FACE('',(#740),#765,.T.);
#740 = FACE_BOUND('',#741,.T.);
#741 = EDGE_LOOP('',(#742,#743,#751,#759));
#742 = ORIENTED_EDGE('',*,*,#721,.T.);
#743 = ORIENTED_EDGE('',*,*,#744,.T.);
#744 = EDGE_CURVE('',#714,#745,#747,.T.);
#745 = VERTEX_POINT('',#746);
#746 = CARTESIAN_POINT('',(-5.E-02,28.231,0.4072636));
#747 = LINE('',#748,#749);
#748 = CARTESIAN_POINT('',(-5.E-02,0.,0.4072636));
#749 = VECTOR('',#750,1.);
#750 = DIRECTION('',(0.,1.,0.));
#751 = ORIENTED_EDGE('',*,*,#752,.F.);
#752 = EDGE_CURVE('',#753,#745,#755,.T.);
#753 = VERTEX_POINT('',#754);
#754 = CARTESIAN_POINT('',(-5.E-02,28.231,0.));
#755 = LINE('',#756,#757);
#756 = CARTESIAN_POINT('',(-5.E-02,28.231,0.));
#757 = VECTOR('',#758,1.);
#758 = DIRECTION('',(0.,0.,1.));
#759 = ORIENTED_EDGE('',*,*,#760,.F.);
#760 = EDGE_CURVE('',#722,#753,#761,.T.);
#761 = LINE('',#762,#763);
#762 = CARTESIAN_POINT('',(-5.E-02,0.,0.));
#763 = VECTOR('',#764,1.);
#764 = DIRECTION('',(0.,1.,0.));
#765 = PLANE('',#766);
#766 = AXIS2_PLACEMENT_3D('',#767,#768,#769);
#767 = CARTESIAN_POINT('',(-5.E-02,0.,0.));
#768 = DIRECTION('',(-1.,0.,0.));
#769 = DIRECTION('',(0.,1.,0.));
#770 = ADVANCED_FACE('',(#771),#787,.T.);
#771 = FACE_BOUND('',#772,.T.);
#772 = EDGE_LOOP('',(#773,#774,#780,#781));
#773 = ORIENTED_EDGE('',*,*,#752,.T.);
#774 = ORIENTED_EDGE('',*,*,#775,.T.);
#775 = EDGE_CURVE('',#745,#132,#776,.T.);
#776 = LINE('',#777,#778);
#777 = CARTESIAN_POINT('',(-5.E-02,28.231,0.4072636));
#778 = VECTOR('',#779,1.);
#779 = DIRECTION('',(1.,0.,0.));
#780 = ORIENTED_EDGE('',*,*,#129,.F.);
#781 = ORIENTED_EDGE('',*,*,#782,.F.);
#782 = EDGE_CURVE('',#753,#130,#783,.T.);
#783 = LINE('',#784,#785);
#784 = CARTESIAN_POINT('',(-5.E-02,28.231,0.));
#785 = VECTOR('',#786,1.);
#786 = DIRECTION('',(1.,0.,0.));
#787 = PLANE('',#788);
#788 = AXIS2_PLACEMENT_3D('',#789,#790,#791);
#789 = CARTESIAN_POINT('',(-5.E-02,28.231,0.));
#790 = DIRECTION('',(0.,1.,0.));
#791 = DIRECTION('',(1.,0.,0.));
#792 = ADVANCED_FACE('',(#793),#827,.T.);
#793 = FACE_BOUND('',#794,.T.);
#794 = EDGE_LOOP('',(#795,#805,#813,#821));
#795 = ORIENTED_EDGE('',*,*,#796,.T.);
#796 = EDGE_CURVE('',#797,#799,#801,.T.);
#797 = VERTEX_POINT('',#798);
#798 = CARTESIAN_POINT('',(2.3144988,24.63259996,0.));
#799 = VERTEX_POINT('',#800);
#800 = CARTESIAN_POINT('',(2.3144988,24.63259996,0.4072636));
#801 = LINE('',#802,#803);
#802 = CARTESIAN_POINT('',(2.3144988,24.63259996,0.));
#803 = VECTOR('',#804,1.);
#804 = DIRECTION('',(0.,0.,1.));
#805 = ORIENTED_EDGE('',*,*,#806,.T.);
#806 = EDGE_CURVE('',#799,#807,#809,.T.);
#807 = VERTEX_POINT('',#808);
#808 = CARTESIAN_POINT('',(2.3144988,23.43260236,0.4072636));
#809 = LINE('',#810,#811);
#810 = CARTESIAN_POINT('',(2.3144988,24.63259996,0.4072636));
#811 = VECTOR('',#812,1.);
#812 = DIRECTION('',(0.,-1.,0.));
#813 = ORIENTED_EDGE('',*,*,#814,.F.);
#814 = EDGE_CURVE('',#815,#807,#817,.T.);
#815 = VERTEX_POINT('',#816);
#816 = CARTESIAN_POINT('',(2.3144988,23.43260236,0.));
#817 = LINE('',#818,#819);
#818 = CARTESIAN_POINT('',(2.3144988,23.43260236,0.));
#819 = VECTOR('',#820,1.);
#820 = DIRECTION('',(0.,0.,1.));
#821 = ORIENTED_EDGE('',*,*,#822,.F.);
#822 = EDGE_CURVE('',#797,#815,#823,.T.);
#823 = LINE('',#824,#825);
#824 = CARTESIAN_POINT('',(2.3144988,24.63259996,0.));
#825 = VECTOR('',#826,1.);
#826 = DIRECTION('',(0.,-1.,0.));
#827 = PLANE('',#828);
#828 = AXIS2_PLACEMENT_3D('',#829,#830,#831);
#829 = CARTESIAN_POINT('',(2.3144988,24.63259996,0.));
#830 = DIRECTION('',(1.,0.,-0.));
#831 = DIRECTION('',(0.,-1.,0.));
#832 = ADVANCED_FACE('',(#833),#860,.F.);
#833 = FACE_BOUND('',#834,.T.);
#834 = EDGE_LOOP('',(#835,#836,#845,#853));
#835 = ORIENTED_EDGE('',*,*,#814,.T.);
#836 = ORIENTED_EDGE('',*,*,#837,.T.);
#837 = EDGE_CURVE('',#807,#838,#840,.T.);
#838 = VERTEX_POINT('',#839);
#839 = CARTESIAN_POINT('',(2.8144978,23.43260236,0.4072636));
#840 = CIRCLE('',#841,0.2499995);
#841 = AXIS2_PLACEMENT_3D('',#842,#843,#844);
#842 = CARTESIAN_POINT('',(2.5644983,23.43260236,0.4072636));
#843 = DIRECTION('',(0.,0.,1.));
#844 = DIRECTION('',(-1.,0.,-0.));
#845 = ORIENTED_EDGE('',*,*,#846,.F.);
#846 = EDGE_CURVE('',#847,#838,#849,.T.);
#847 = VERTEX_POINT('',#848);
#848 = CARTESIAN_POINT('',(2.8144978,23.43260236,0.));
#849 = LINE('',#850,#851);
#850 = CARTESIAN_POINT('',(2.8144978,23.43260236,0.));
#851 = VECTOR('',#852,1.);
#852 = DIRECTION('',(0.,0.,1.));
#853 = ORIENTED_EDGE('',*,*,#854,.F.);
#854 = EDGE_CURVE('',#815,#847,#855,.T.);
#855 = CIRCLE('',#856,0.2499995);
#856 = AXIS2_PLACEMENT_3D('',#857,#858,#859);
#857 = CARTESIAN_POINT('',(2.5644983,23.43260236,0.));
#858 = DIRECTION('',(0.,0.,1.));
#859 = DIRECTION('',(-1.,0.,-0.));
#860 = CYLINDRICAL_SURFACE('',#861,0.2499995);
#861 = AXIS2_PLACEMENT_3D('',#862,#863,#864);
#862 = CARTESIAN_POINT('',(2.5644983,23.43260236,0.));
#863 = DIRECTION('',(-0.,-0.,-1.));
#864 = DIRECTION('',(-1.,0.,-0.));
#865 = ADVANCED_FACE('',(#866),#891,.T.);
#866 = FACE_BOUND('',#867,.T.);
#867 = EDGE_LOOP('',(#868,#869,#877,#885));
#868 = ORIENTED_EDGE('',*,*,#846,.T.);
#869 = ORIENTED_EDGE('',*,*,#870,.T.);
#870 = EDGE_CURVE('',#838,#871,#873,.T.);
#871 = VERTEX_POINT('',#872);
#872 = CARTESIAN_POINT('',(2.8144978,24.63259996,0.4072636));
#873 = LINE('',#874,#875);
#874 = CARTESIAN_POINT('',(2.8144978,23.43260236,0.4072636));
#875 = VECTOR('',#876,1.);
#876 = DIRECTION('',(0.,1.,0.));
#877 = ORIENTED_EDGE('',*,*,#878,.F.);
#878 = EDGE_CURVE('',#879,#871,#881,.T.);
#879 = VERTEX_POINT('',#880);
#880 = CARTESIAN_POINT('',(2.8144978,24.63259996,0.));
#881 = LINE('',#882,#883);
#882 = CARTESIAN_POINT('',(2.8144978,24.63259996,0.));
#883 = VECTOR('',#884,1.);
#884 = DIRECTION('',(0.,0.,1.));
#885 = ORIENTED_EDGE('',*,*,#886,.F.);
#886 = EDGE_CURVE('',#847,#879,#887,.T.);
#887 = LINE('',#888,#889);
#888 = CARTESIAN_POINT('',(2.8144978,23.43260236,0.));
#889 = VECTOR('',#890,1.);
#890 = DIRECTION('',(0.,1.,0.));
#891 = PLANE('',#892);
#892 = AXIS2_PLACEMENT_3D('',#893,#894,#895);
#893 = CARTESIAN_POINT('',(2.8144978,23.43260236,0.));
#894 = DIRECTION('',(-1.,0.,0.));
#895 = DIRECTION('',(0.,1.,0.));
#896 = ADVANCED_FACE('',(#897),#915,.F.);
#897 = FACE_BOUND('',#898,.T.);
#898 = EDGE_LOOP('',(#899,#900,#907,#908));
#899 = ORIENTED_EDGE('',*,*,#878,.T.);
#900 = ORIENTED_EDGE('',*,*,#901,.T.);
#901 = EDGE_CURVE('',#871,#799,#902,.T.);
#902 = CIRCLE('',#903,0.2499995);
#903 = AXIS2_PLACEMENT_3D('',#904,#905,#906);
#904 = CARTESIAN_POINT('',(2.5644983,24.63259996,0.4072636));
#905 = DIRECTION('',(0.,0.,1.));
#906 = DIRECTION('',(1.,0.,-0.));
#907 = ORIENTED_EDGE('',*,*,#796,.F.);
#908 = ORIENTED_EDGE('',*,*,#909,.F.);
#909 = EDGE_CURVE('',#879,#797,#910,.T.);
#910 = CIRCLE('',#911,0.2499995);
#911 = AXIS2_PLACEMENT_3D('',#912,#913,#914);
#912 = CARTESIAN_POINT('',(2.5644983,24.63259996,0.));
#913 = DIRECTION('',(0.,0.,1.));
#914 = DIRECTION('',(1.,0.,-0.));
#915 = CYLINDRICAL_SURFACE('',#916,0.2499995);
#916 = AXIS2_PLACEMENT_3D('',#917,#918,#919);
#917 = CARTESIAN_POINT('',(2.5644983,24.63259996,0.));
#918 = DIRECTION('',(-0.,-0.,-1.));
#919 = DIRECTION('',(1.,0.,-0.));
#920 = ADVANCED_FACE('',(#921),#955,.T.);
#921 = FACE_BOUND('',#922,.T.);
#922 = EDGE_LOOP('',(#923,#933,#941,#949));
#923 = ORIENTED_EDGE('',*,*,#924,.T.);
#924 = EDGE_CURVE('',#925,#927,#929,.T.);
#925 = VERTEX_POINT('',#926);
#926 = CARTESIAN_POINT('',(2.3144988,28.61257676,0.));
#927 = VERTEX_POINT('',#928);
#928 = CARTESIAN_POINT('',(2.3144988,28.61257676,0.4072636));
#929 = LINE('',#930,#931);
#930 = CARTESIAN_POINT('',(2.3144988,28.61257676,0.));
#931 = VECTOR('',#932,1.);
#932 = DIRECTION('',(0.,0.,1.));
#933 = ORIENTED_EDGE('',*,*,#934,.T.);
#934 = EDGE_CURVE('',#927,#935,#937,.T.);
#935 = VERTEX_POINT('',#936);
#936 = CARTESIAN_POINT('',(2.3144988,27.81257836,0.4072636));
#937 = LINE('',#938,#939);
#938 = CARTESIAN_POINT('',(2.3144988,28.61257676,0.4072636));
#939 = VECTOR('',#940,1.);
#940 = DIRECTION('',(0.,-1.,0.));
#941 = ORIENTED_EDGE('',*,*,#942,.F.);
#942 = EDGE_CURVE('',#943,#935,#945,.T.);
#943 = VERTEX_POINT('',#944);
#944 = CARTESIAN_POINT('',(2.3144988,27.81257836,0.));
#945 = LINE('',#946,#947);
#946 = CARTESIAN_POINT('',(2.3144988,27.81257836,0.));
#947 = VECTOR('',#948,1.);
#948 = DIRECTION('',(0.,0.,1.));
#949 = ORIENTED_EDGE('',*,*,#950,.F.);
#950 = EDGE_CURVE('',#925,#943,#951,.T.);
#951 = LINE('',#952,#953);
#952 = CARTESIAN_POINT('',(2.3144988,28.61257676,0.));
#953 = VECTOR('',#954,1.);
#954 = DIRECTION('',(0.,-1.,0.));
#955 = PLANE('',#956);
#956 = AXIS2_PLACEMENT_3D('',#957,#958,#959);
#957 = CARTESIAN_POINT('',(2.3144988,28.61257676,0.));
#958 = DIRECTION('',(1.,0.,-0.));
#959 = DIRECTION('',(0.,-1.,0.));
#960 = ADVANCED_FACE('',(#961),#988,.F.);
#961 = FACE_BOUND('',#962,.T.);
#962 = EDGE_LOOP('',(#963,#964,#973,#981));
#963 = ORIENTED_EDGE('',*,*,#942,.T.);
#964 = ORIENTED_EDGE('',*,*,#965,.T.);
#965 = EDGE_CURVE('',#935,#966,#968,.T.);
#966 = VERTEX_POINT('',#967);
#967 = CARTESIAN_POINT('',(2.8144978,27.81257836,0.4072636));
#968 = CIRCLE('',#969,0.2499995);
#969 = AXIS2_PLACEMENT_3D('',#970,#971,#972);
#970 = CARTESIAN_POINT('',(2.5644983,27.81257836,0.4072636));
#971 = DIRECTION('',(0.,0.,1.));
#972 = DIRECTION('',(-1.,0.,-0.));
#973 = ORIENTED_EDGE('',*,*,#974,.F.);
#974 = EDGE_CURVE('',#975,#966,#977,.T.);
#975 = VERTEX_POINT('',#976);
#976 = CARTESIAN_POINT('',(2.8144978,27.81257836,0.));
#977 = LINE('',#978,#979);
#978 = CARTESIAN_POINT('',(2.8144978,27.81257836,0.));
#979 = VECTOR('',#980,1.);
#980 = DIRECTION('',(0.,0.,1.));
#981 = ORIENTED_EDGE('',*,*,#982,.F.);
#982 = EDGE_CURVE('',#943,#975,#983,.T.);
#983 = CIRCLE('',#984,0.2499995);
#984 = AXIS2_PLACEMENT_3D('',#985,#986,#987);
#985 = CARTESIAN_POINT('',(2.5644983,27.81257836,0.));
#986 = DIRECTION('',(0.,0.,1.));
#987 = DIRECTION('',(-1.,0.,-0.));
#988 = CYLINDRICAL_SURFACE('',#989,0.2499995);
#989 = AXIS2_PLACEMENT_3D('',#990,#991,#992);
#990 = CARTESIAN_POINT('',(2.5644983,27.81257836,0.));
#991 = DIRECTION('',(-0.,-0.,-1.));
#992 = DIRECTION('',(-1.,0.,-0.));
#993 = ADVANCED_FACE('',(#994),#1019,.T.);
#994 = FACE_BOUND('',#995,.T.);
#995 = EDGE_LOOP('',(#996,#997,#1005,#1013));
#996 = ORIENTED_EDGE('',*,*,#974,.T.);
#997 = ORIENTED_EDGE('',*,*,#998,.T.);
#998 = EDGE_CURVE('',#966,#999,#1001,.T.);
#999 = VERTEX_POINT('',#1000);
#1000 = CARTESIAN_POINT('',(2.8144978,28.61257676,0.4072636));
#1001 = LINE('',#1002,#1003);
#1002 = CARTESIAN_POINT('',(2.8144978,27.81257836,0.4072636));
#1003 = VECTOR('',#1004,1.);
#1004 = DIRECTION('',(0.,1.,0.));
#1005 = ORIENTED_EDGE('',*,*,#1006,.F.);
#1006 = EDGE_CURVE('',#1007,#999,#1009,.T.);
#1007 = VERTEX_POINT('',#1008);
#1008 = CARTESIAN_POINT('',(2.8144978,28.61257676,0.));
#1009 = LINE('',#1010,#1011);
#1010 = CARTESIAN_POINT('',(2.8144978,28.61257676,0.));
#1011 = VECTOR('',#1012,1.);
#1012 = DIRECTION('',(0.,0.,1.));
#1013 = ORIENTED_EDGE('',*,*,#1014,.F.);
#1014 = EDGE_CURVE('',#975,#1007,#1015,.T.);
#1015 = LINE('',#1016,#1017);
#1016 = CARTESIAN_POINT('',(2.8144978,27.81257836,0.));
#1017 = VECTOR('',#1018,1.);
#1018 = DIRECTION('',(0.,1.,0.));
#1019 = PLANE('',#1020);
#1020 = AXIS2_PLACEMENT_3D('',#1021,#1022,#1023);
#1021 = CARTESIAN_POINT('',(2.8144978,27.81257836,0.));
#1022 = DIRECTION('',(-1.,0.,0.));
#1023 = DIRECTION('',(0.,1.,0.));
#1024 = ADVANCED_FACE('',(#1025),#1043,.F.);
#1025 = FACE_BOUND('',#1026,.T.);
#1026 = EDGE_LOOP('',(#1027,#1028,#1035,#1036));
#1027 = ORIENTED_EDGE('',*,*,#1006,.T.);
#1028 = ORIENTED_EDGE('',*,*,#1029,.T.);
#1029 = EDGE_CURVE('',#999,#927,#1030,.T.);
#1030 = CIRCLE('',#1031,0.2499995);
#1031 = AXIS2_PLACEMENT_3D('',#1032,#1033,#1034);
#1032 = CARTESIAN_POINT('',(2.5644983,28.61257676,0.4072636));
#1033 = DIRECTION('',(0.,0.,1.));
#1034 = DIRECTION('',(1.,0.,-0.));
#1035 = ORIENTED_EDGE('',*,*,#924,.F.);
#1036 = ORIENTED_EDGE('',*,*,#1037,.F.);
#1037 = EDGE_CURVE('',#1007,#925,#1038,.T.);
#1038 = CIRCLE('',#1039,0.2499995);
#1039 = AXIS2_PLACEMENT_3D('',#1040,#1041,#1042);
#1040 = CARTESIAN_POINT('',(2.5644983,28.61257676,0.));
#1041 = DIRECTION('',(0.,0.,1.));
#1042 = DIRECTION('',(1.,0.,-0.));
#1043 = CYLINDRICAL_SURFACE('',#1044,0.2499995);
#1044 = AXIS2_PLACEMENT_3D('',#1045,#1046,#1047);
#1045 = CARTESIAN_POINT('',(2.5644983,28.61257676,0.));
#1046 = DIRECTION('',(-0.,-0.,-1.));
#1047 = DIRECTION('',(1.,0.,-0.));
#1048 = ADVANCED_FACE('',(#1049),#1076,.F.);
#1049 = FACE_BOUND('',#1050,.T.);
#1050 = EDGE_LOOP('',(#1051,#1061,#1068,#1069));
#1051 = ORIENTED_EDGE('',*,*,#1052,.T.);
#1052 = EDGE_CURVE('',#1053,#1055,#1057,.T.);
#1053 = VERTEX_POINT('',#1054);
#1054 = CARTESIAN_POINT('',(4.38,24.533,0.));
#1055 = VERTEX_POINT('',#1056);
#1056 = CARTESIAN_POINT('',(4.38,24.533,0.4072636));
#1057 = LINE('',#1058,#1059);
#1058 = CARTESIAN_POINT('',(4.38,24.533,0.));
#1059 = VECTOR('',#1060,1.);
#1060 = DIRECTION('',(0.,0.,1.));
#1061 = ORIENTED_EDGE('',*,*,#1062,.T.);
#1062 = EDGE_CURVE('',#1055,#1055,#1063,.T.);
#1063 = CIRCLE('',#1064,0.381);
#1064 = AXIS2_PLACEMENT_3D('',#1065,#1066,#1067);
#1065 = CARTESIAN_POINT('',(3.999,24.533,0.4072636));
#1066 = DIRECTION('',(0.,0.,1.));
#1067 = DIRECTION('',(1.,0.,-0.));
#1068 = ORIENTED_EDGE('',*,*,#1052,.F.);
#1069 = ORIENTED_EDGE('',*,*,#1070,.F.);
#1070 = EDGE_CURVE('',#1053,#1053,#1071,.T.);
#1071 = CIRCLE('',#1072,0.381);
#1072 = AXIS2_PLACEMENT_3D('',#1073,#1074,#1075);
#1073 = CARTESIAN_POINT('',(3.999,24.533,0.));
#1074 = DIRECTION('',(0.,0.,1.));
#1075 = DIRECTION('',(1.,0.,-0.));
#1076 = CYLINDRICAL_SURFACE('',#1077,0.381);
#1077 = AXIS2_PLACEMENT_3D('',#1078,#1079,#1080);
#1078 = CARTESIAN_POINT('',(3.999,24.533,0.));
#1079 = DIRECTION('',(-0.,-0.,-1.));
#1080 = DIRECTION('',(1.,0.,-0.));
#1081 = ADVANCED_FACE('',(#1082),#1116,.T.);
#1082 = FACE_BOUND('',#1083,.T.);
#1083 = EDGE_LOOP('',(#1084,#1094,#1102,#1110));
#1084 = ORIENTED_EDGE('',*,*,#1085,.T.);
#1085 = EDGE_CURVE('',#1086,#1088,#1090,.T.);
#1086 = VERTEX_POINT('',#1087);
#1087 = CARTESIAN_POINT('',(10.9645196,24.63259996,0.));
#1088 = VERTEX_POINT('',#1089);
#1089 = CARTESIAN_POINT('',(10.9645196,24.63259996,0.4072636));
#1090 = LINE('',#1091,#1092);
#1091 = CARTESIAN_POINT('',(10.9645196,24.63259996,0.));
#1092 = VECTOR('',#1093,1.);
#1093 = DIRECTION('',(0.,0.,1.));
#1094 = ORIENTED_EDGE('',*,*,#1095,.T.);
#1095 = EDGE_CURVE('',#1088,#1096,#1098,.T.);
#1096 = VERTEX_POINT('',#1097);
#1097 = CARTESIAN_POINT('',(10.9645196,23.43260236,0.4072636));
#1098 = LINE('',#1099,#1100);
#1099 = CARTESIAN_POINT('',(10.9645196,24.63259996,0.4072636));
#1100 = VECTOR('',#1101,1.);
#1101 = DIRECTION('',(0.,-1.,0.));
#1102 = ORIENTED_EDGE('',*,*,#1103,.F.);
#1103 = EDGE_CURVE('',#1104,#1096,#1106,.T.);
#1104 = VERTEX_POINT('',#1105);
#1105 = CARTESIAN_POINT('',(10.9645196,23.43260236,0.));
#1106 = LINE('',#1107,#1108);
#1107 = CARTESIAN_POINT('',(10.9645196,23.43260236,0.));
#1108 = VECTOR('',#1109,1.);
#1109 = DIRECTION('',(0.,0.,1.));
#1110 = ORIENTED_EDGE('',*,*,#1111,.F.);
#1111 = EDGE_CURVE('',#1086,#1104,#1112,.T.);
#1112 = LINE('',#1113,#1114);
#1113 = CARTESIAN_POINT('',(10.9645196,24.63259996,0.));
#1114 = VECTOR('',#1115,1.);
#1115 = DIRECTION('',(0.,-1.,0.));
#1116 = PLANE('',#1117);
#1117 = AXIS2_PLACEMENT_3D('',#1118,#1119,#1120);
#1118 = CARTESIAN_POINT('',(10.9645196,24.63259996,0.));
#1119 = DIRECTION('',(1.,0.,-0.));
#1120 = DIRECTION('',(0.,-1.,0.));
#1121 = ADVANCED_FACE('',(#1122),#1149,.F.);
#1122 = FACE_BOUND('',#1123,.T.);
#1123 = EDGE_LOOP('',(#1124,#1125,#1134,#1142));
#1124 = ORIENTED_EDGE('',*,*,#1103,.T.);
#1125 = ORIENTED_EDGE('',*,*,#1126,.T.);
#1126 = EDGE_CURVE('',#1096,#1127,#1129,.T.);
#1127 = VERTEX_POINT('',#1128);
#1128 = CARTESIAN_POINT('',(11.4645186,23.43260236,0.4072636));
#1129 = CIRCLE('',#1130,0.2499995);
#1130 = AXIS2_PLACEMENT_3D('',#1131,#1132,#1133);
#1131 = CARTESIAN_POINT('',(11.2145191,23.43260236,0.4072636));
#1132 = DIRECTION('',(0.,0.,1.));
#1133 = DIRECTION('',(-1.,0.,-0.));
#1134 = ORIENTED_EDGE('',*,*,#1135,.F.);
#1135 = EDGE_CURVE('',#1136,#1127,#1138,.T.);
#1136 = VERTEX_POINT('',#1137);
#1137 = CARTESIAN_POINT('',(11.4645186,23.43260236,0.));
#1138 = LINE('',#1139,#1140);
#1139 = CARTESIAN_POINT('',(11.4645186,23.43260236,0.));
#1140 = VECTOR('',#1141,1.);
#1141 = DIRECTION('',(0.,0.,1.));
#1142 = ORIENTED_EDGE('',*,*,#1143,.F.);
#1143 = EDGE_CURVE('',#1104,#1136,#1144,.T.);
#1144 = CIRCLE('',#1145,0.2499995);
#1145 = AXIS2_PLACEMENT_3D('',#1146,#1147,#1148);
#1146 = CARTESIAN_POINT('',(11.2145191,23.43260236,0.));
#1147 = DIRECTION('',(0.,0.,1.));
#1148 = DIRECTION('',(-1.,0.,-0.));
#1149 = CYLINDRICAL_SURFACE('',#1150,0.2499995);
#1150 = AXIS2_PLACEMENT_3D('',#1151,#1152,#1153);
#1151 = CARTESIAN_POINT('',(11.2145191,23.43260236,0.));
#1152 = DIRECTION('',(-0.,-0.,-1.));
#1153 = DIRECTION('',(-1.,0.,-0.));
#1154 = ADVANCED_FACE('',(#1155),#1180,.T.);
#1155 = FACE_BOUND('',#1156,.T.);
#1156 = EDGE_LOOP('',(#1157,#1158,#1166,#1174));
#1157 = ORIENTED_EDGE('',*,*,#1135,.T.);
#1158 = ORIENTED_EDGE('',*,*,#1159,.T.);
#1159 = EDGE_CURVE('',#1127,#1160,#1162,.T.);
#1160 = VERTEX_POINT('',#1161);
#1161 = CARTESIAN_POINT('',(11.4645186,24.63259996,0.4072636));
#1162 = LINE('',#1163,#1164);
#1163 = CARTESIAN_POINT('',(11.4645186,23.43260236,0.4072636));
#1164 = VECTOR('',#1165,1.);
#1165 = DIRECTION('',(0.,1.,0.));
#1166 = ORIENTED_EDGE('',*,*,#1167,.F.);
#1167 = EDGE_CURVE('',#1168,#1160,#1170,.T.);
#1168 = VERTEX_POINT('',#1169);
#1169 = CARTESIAN_POINT('',(11.4645186,24.63259996,0.));
#1170 = LINE('',#1171,#1172);
#1171 = CARTESIAN_POINT('',(11.4645186,24.63259996,0.));
#1172 = VECTOR('',#1173,1.);
#1173 = DIRECTION('',(0.,0.,1.));
#1174 = ORIENTED_EDGE('',*,*,#1175,.F.);
#1175 = EDGE_CURVE('',#1136,#1168,#1176,.T.);
#1176 = LINE('',#1177,#1178);
#1177 = CARTESIAN_POINT('',(11.4645186,23.43260236,0.));
#1178 = VECTOR('',#1179,1.);
#1179 = DIRECTION('',(0.,1.,0.));
#1180 = PLANE('',#1181);
#1181 = AXIS2_PLACEMENT_3D('',#1182,#1183,#1184);
#1182 = CARTESIAN_POINT('',(11.4645186,23.43260236,0.));
#1183 = DIRECTION('',(-1.,0.,0.));
#1184 = DIRECTION('',(0.,1.,0.));
#1185 = ADVANCED_FACE('',(#1186),#1204,.F.);
#1186 = FACE_BOUND('',#1187,.T.);
#1187 = EDGE_LOOP('',(#1188,#1189,#1196,#1197));
#1188 = ORIENTED_EDGE('',*,*,#1167,.T.);
#1189 = ORIENTED_EDGE('',*,*,#1190,.T.);
#1190 = EDGE_CURVE('',#1160,#1088,#1191,.T.);
#1191 = CIRCLE('',#1192,0.2499995);
#1192 = AXIS2_PLACEMENT_3D('',#1193,#1194,#1195);
#1193 = CARTESIAN_POINT('',(11.2145191,24.63259996,0.4072636));
#1194 = DIRECTION('',(0.,0.,1.));
#1195 = DIRECTION('',(1.,0.,-0.));
#1196 = ORIENTED_EDGE('',*,*,#1085,.F.);
#1197 = ORIENTED_EDGE('',*,*,#1198,.F.);
#1198 = EDGE_CURVE('',#1168,#1086,#1199,.T.);
#1199 = CIRCLE('',#1200,0.2499995);
#1200 = AXIS2_PLACEMENT_3D('',#1201,#1202,#1203);
#1201 = CARTESIAN_POINT('',(11.2145191,24.63259996,0.));
#1202 = DIRECTION('',(0.,0.,1.));
#1203 = DIRECTION('',(1.,0.,-0.));
#1204 = CYLINDRICAL_SURFACE('',#1205,0.2499995);
#1205 = AXIS2_PLACEMENT_3D('',#1206,#1207,#1208);
#1206 = CARTESIAN_POINT('',(11.2145191,24.63259996,0.));
#1207 = DIRECTION('',(-0.,-0.,-1.));
#1208 = DIRECTION('',(1.,0.,-0.));
#1209 = ADVANCED_FACE('',(#1210),#1237,.F.);
#1210 = FACE_BOUND('',#1211,.T.);
#1211 = EDGE_LOOP('',(#1212,#1222,#1229,#1230));
#1212 = ORIENTED_EDGE('',*,*,#1213,.T.);
#1213 = EDGE_CURVE('',#1214,#1216,#1218,.T.);
#1214 = VERTEX_POINT('',#1215);
#1215 = CARTESIAN_POINT('',(10.161,24.533,0.));
#1216 = VERTEX_POINT('',#1217);
#1217 = CARTESIAN_POINT('',(10.161,24.533,0.4072636));
#1218 = LINE('',#1219,#1220);
#1219 = CARTESIAN_POINT('',(10.161,24.533,0.));
#1220 = VECTOR('',#1221,1.);
#1221 = DIRECTION('',(0.,0.,1.));
#1222 = ORIENTED_EDGE('',*,*,#1223,.T.);
#1223 = EDGE_CURVE('',#1216,#1216,#1224,.T.);
#1224 = CIRCLE('',#1225,0.381);
#1225 = AXIS2_PLACEMENT_3D('',#1226,#1227,#1228);
#1226 = CARTESIAN_POINT('',(9.78,24.533,0.4072636));
#1227 = DIRECTION('',(0.,0.,1.));
#1228 = DIRECTION('',(1.,0.,-0.));
#1229 = ORIENTED_EDGE('',*,*,#1213,.F.);
#1230 = ORIENTED_EDGE('',*,*,#1231,.F.);
#1231 = EDGE_CURVE('',#1214,#1214,#1232,.T.);
#1232 = CIRCLE('',#1233,0.381);
#1233 = AXIS2_PLACEMENT_3D('',#1234,#1235,#1236);
#1234 = CARTESIAN_POINT('',(9.78,24.533,0.));
#1235 = DIRECTION('',(0.,0.,1.));
#1236 = DIRECTION('',(1.,0.,-0.));
#1237 = CYLINDRICAL_SURFACE('',#1238,0.381);
#1238 = AXIS2_PLACEMENT_3D('',#1239,#1240,#1241);
#1239 = CARTESIAN_POINT('',(9.78,24.533,0.));
#1240 = DIRECTION('',(-0.,-0.,-1.));
#1241 = DIRECTION('',(1.,0.,-0.));
#1242 = ADVANCED_FACE('',(#1243),#1277,.T.);
#1243 = FACE_BOUND('',#1244,.T.);
#1244 = EDGE_LOOP('',(#1245,#1255,#1263,#1271));
#1245 = ORIENTED_EDGE('',*,*,#1246,.T.);
#1246 = EDGE_CURVE('',#1247,#1249,#1251,.T.);
#1247 = VERTEX_POINT('',#1248);
#1248 = CARTESIAN_POINT('',(10.9645196,28.61257676,0.));
#1249 = VERTEX_POINT('',#1250);
#1250 = CARTESIAN_POINT('',(10.9645196,28.61257676,0.4072636));
#1251 = LINE('',#1252,#1253);
#1252 = CARTESIAN_POINT('',(10.9645196,28.61257676,0.));
#1253 = VECTOR('',#1254,1.);
#1254 = DIRECTION('',(0.,0.,1.));
#1255 = ORIENTED_EDGE('',*,*,#1256,.T.);
#1256 = EDGE_CURVE('',#1249,#1257,#1259,.T.);
#1257 = VERTEX_POINT('',#1258);
#1258 = CARTESIAN_POINT('',(10.9645196,27.81257836,0.4072636));
#1259 = LINE('',#1260,#1261);
#1260 = CARTESIAN_POINT('',(10.9645196,28.61257676,0.4072636));
#1261 = VECTOR('',#1262,1.);
#1262 = DIRECTION('',(0.,-1.,0.));
#1263 = ORIENTED_EDGE('',*,*,#1264,.F.);
#1264 = EDGE_CURVE('',#1265,#1257,#1267,.T.);
#1265 = VERTEX_POINT('',#1266);
#1266 = CARTESIAN_POINT('',(10.9645196,27.81257836,0.));
#1267 = LINE('',#1268,#1269);
#1268 = CARTESIAN_POINT('',(10.9645196,27.81257836,0.));
#1269 = VECTOR('',#1270,1.);
#1270 = DIRECTION('',(0.,0.,1.));
#1271 = ORIENTED_EDGE('',*,*,#1272,.F.);
#1272 = EDGE_CURVE('',#1247,#1265,#1273,.T.);
#1273 = LINE('',#1274,#1275);
#1274 = CARTESIAN_POINT('',(10.9645196,28.61257676,0.));
#1275 = VECTOR('',#1276,1.);
#1276 = DIRECTION('',(0.,-1.,0.));
#1277 = PLANE('',#1278);
#1278 = AXIS2_PLACEMENT_3D('',#1279,#1280,#1281);
#1279 = CARTESIAN_POINT('',(10.9645196,28.61257676,0.));
#1280 = DIRECTION('',(1.,0.,-0.));
#1281 = DIRECTION('',(0.,-1.,0.));
#1282 = ADVANCED_FACE('',(#1283),#1310,.F.);
#1283 = FACE_BOUND('',#1284,.T.);
#1284 = EDGE_LOOP('',(#1285,#1286,#1295,#1303));
#1285 = ORIENTED_EDGE('',*,*,#1264,.T.);
#1286 = ORIENTED_EDGE('',*,*,#1287,.T.);
#1287 = EDGE_CURVE('',#1257,#1288,#1290,.T.);
#1288 = VERTEX_POINT('',#1289);
#1289 = CARTESIAN_POINT('',(11.4645186,27.81257836,0.4072636));
#1290 = CIRCLE('',#1291,0.2499995);
#1291 = AXIS2_PLACEMENT_3D('',#1292,#1293,#1294);
#1292 = CARTESIAN_POINT('',(11.2145191,27.81257836,0.4072636));
#1293 = DIRECTION('',(0.,0.,1.));
#1294 = DIRECTION('',(-1.,0.,-0.));
#1295 = ORIENTED_EDGE('',*,*,#1296,.F.);
#1296 = EDGE_CURVE('',#1297,#1288,#1299,.T.);
#1297 = VERTEX_POINT('',#1298);
#1298 = CARTESIAN_POINT('',(11.4645186,27.81257836,0.));
#1299 = LINE('',#1300,#1301);
#1300 = CARTESIAN_POINT('',(11.4645186,27.81257836,0.));
#1301 = VECTOR('',#1302,1.);
#1302 = DIRECTION('',(0.,0.,1.));
#1303 = ORIENTED_EDGE('',*,*,#1304,.F.);
#1304 = EDGE_CURVE('',#1265,#1297,#1305,.T.);
#1305 = CIRCLE('',#1306,0.2499995);
#1306 = AXIS2_PLACEMENT_3D('',#1307,#1308,#1309);
#1307 = CARTESIAN_POINT('',(11.2145191,27.81257836,0.));
#1308 = DIRECTION('',(0.,0.,1.));
#1309 = DIRECTION('',(-1.,0.,-0.));
#1310 = CYLINDRICAL_SURFACE('',#1311,0.2499995);
#1311 = AXIS2_PLACEMENT_3D('',#1312,#1313,#1314);
#1312 = CARTESIAN_POINT('',(11.2145191,27.81257836,0.));
#1313 = DIRECTION('',(-0.,-0.,-1.));
#1314 = DIRECTION('',(-1.,0.,-0.));
#1315 = ADVANCED_FACE('',(#1316),#1341,.T.);
#1316 = FACE_BOUND('',#1317,.T.);
#1317 = EDGE_LOOP('',(#1318,#1319,#1327,#1335));
#1318 = ORIENTED_EDGE('',*,*,#1296,.T.);
#1319 = ORIENTED_EDGE('',*,*,#1320,.T.);
#1320 = EDGE_CURVE('',#1288,#1321,#1323,.T.);
#1321 = VERTEX_POINT('',#1322);
#1322 = CARTESIAN_POINT('',(11.4645186,28.61257676,0.4072636));
#1323 = LINE('',#1324,#1325);
#1324 = CARTESIAN_POINT('',(11.4645186,27.81257836,0.4072636));
#1325 = VECTOR('',#1326,1.);
#1326 = DIRECTION('',(0.,1.,0.));
#1327 = ORIENTED_EDGE('',*,*,#1328,.F.);
#1328 = EDGE_CURVE('',#1329,#1321,#1331,.T.);
#1329 = VERTEX_POINT('',#1330);
#1330 = CARTESIAN_POINT('',(11.4645186,28.61257676,0.));
#1331 = LINE('',#1332,#1333);
#1332 = CARTESIAN_POINT('',(11.4645186,28.61257676,0.));
#1333 = VECTOR('',#1334,1.);
#1334 = DIRECTION('',(0.,0.,1.));
#1335 = ORIENTED_EDGE('',*,*,#1336,.F.);
#1336 = EDGE_CURVE('',#1297,#1329,#1337,.T.);
#1337 = LINE('',#1338,#1339);
#1338 = CARTESIAN_POINT('',(11.4645186,27.81257836,0.));
#1339 = VECTOR('',#1340,1.);
#1340 = DIRECTION('',(0.,1.,0.));
#1341 = PLANE('',#1342);
#1342 = AXIS2_PLACEMENT_3D('',#1343,#1344,#1345);
#1343 = CARTESIAN_POINT('',(11.4645186,27.81257836,0.));
#1344 = DIRECTION('',(-1.,0.,0.));
#1345 = DIRECTION('',(0.,1.,0.));
#1346 = ADVANCED_FACE('',(#1347),#1365,.F.);
#1347 = FACE_BOUND('',#1348,.T.);
#1348 = EDGE_LOOP('',(#1349,#1350,#1357,#1358));
#1349 = ORIENTED_EDGE('',*,*,#1328,.T.);
#1350 = ORIENTED_EDGE('',*,*,#1351,.T.);
#1351 = EDGE_CURVE('',#1321,#1249,#1352,.T.);
#1352 = CIRCLE('',#1353,0.2499995);
#1353 = AXIS2_PLACEMENT_3D('',#1354,#1355,#1356);
#1354 = CARTESIAN_POINT('',(11.2145191,28.61257676,0.4072636));
#1355 = DIRECTION('',(0.,0.,1.));
#1356 = DIRECTION('',(1.,0.,-0.));
#1357 = ORIENTED_EDGE('',*,*,#1246,.F.);
#1358 = ORIENTED_EDGE('',*,*,#1359,.F.);
#1359 = EDGE_CURVE('',#1329,#1247,#1360,.T.);
#1360 = CIRCLE('',#1361,0.2499995);
#1361 = AXIS2_PLACEMENT_3D('',#1362,#1363,#1364);
#1362 = CARTESIAN_POINT('',(11.2145191,28.61257676,0.));
#1363 = DIRECTION('',(0.,0.,1.));
#1364 = DIRECTION('',(1.,0.,-0.));
#1365 = CYLINDRICAL_SURFACE('',#1366,0.2499995);
#1366 = AXIS2_PLACEMENT_3D('',#1367,#1368,#1369);
#1367 = CARTESIAN_POINT('',(11.2145191,28.61257676,0.));
#1368 = DIRECTION('',(-0.,-0.,-1.));
#1369 = DIRECTION('',(1.,0.,-0.));
#1370 = ADVANCED_FACE('',(#1371,#1394,#1400,#1406,#1409,#1415,#1418),
  #1424,.T.);
#1371 = FACE_BOUND('',#1372,.T.);
#1372 = EDGE_LOOP('',(#1373,#1374,#1375,#1376,#1377,#1378,#1379,#1380,
    #1381,#1382,#1383,#1384,#1385,#1386,#1387,#1388,#1389,#1390,#1391,
    #1392,#1393));
#1373 = ORIENTED_EDGE('',*,*,#155,.T.);
#1374 = ORIENTED_EDGE('',*,*,#186,.T.);
#1375 = ORIENTED_EDGE('',*,*,#218,.T.);
#1376 = ORIENTED_EDGE('',*,*,#251,.T.);
#1377 = ORIENTED_EDGE('',*,*,#283,.T.);
#1378 = ORIENTED_EDGE('',*,*,#315,.T.);
#1379 = ORIENTED_EDGE('',*,*,#348,.T.);
#1380 = ORIENTED_EDGE('',*,*,#380,.T.);
#1381 = ORIENTED_EDGE('',*,*,#411,.T.);
#1382 = ORIENTED_EDGE('',*,*,#442,.T.);
#1383 = ORIENTED_EDGE('',*,*,#474,.T.);
#1384 = ORIENTED_EDGE('',*,*,#507,.T.);
#1385 = ORIENTED_EDGE('',*,*,#539,.T.);
#1386 = ORIENTED_EDGE('',*,*,#571,.T.);
#1387 = ORIENTED_EDGE('',*,*,#604,.T.);
#1388 = ORIENTED_EDGE('',*,*,#636,.T.);
#1389 = ORIENTED_EDGE('',*,*,#667,.T.);
#1390 = ORIENTED_EDGE('',*,*,#698,.T.);
#1391 = ORIENTED_EDGE('',*,*,#729,.T.);
#1392 = ORIENTED_EDGE('',*,*,#760,.T.);
#1393 = ORIENTED_EDGE('',*,*,#782,.T.);
#1394 = FACE_BOUND('',#1395,.T.);
#1395 = EDGE_LOOP('',(#1396,#1397,#1398,#1399));
#1396 = ORIENTED_EDGE('',*,*,#822,.T.);
#1397 = ORIENTED_EDGE('',*,*,#854,.T.);
#1398 = ORIENTED_EDGE('',*,*,#886,.T.);
#1399 = ORIENTED_EDGE('',*,*,#909,.T.);
#1400 = FACE_BOUND('',#1401,.T.);
#1401 = EDGE_LOOP('',(#1402,#1403,#1404,#1405));
#1402 = ORIENTED_EDGE('',*,*,#950,.T.);
#1403 = ORIENTED_EDGE('',*,*,#982,.T.);
#1404 = ORIENTED_EDGE('',*,*,#1014,.T.);
#1405 = ORIENTED_EDGE('',*,*,#1037,.T.);
#1406 = FACE_BOUND('',#1407,.T.);
#1407 = EDGE_LOOP('',(#1408));
#1408 = ORIENTED_EDGE('',*,*,#1070,.T.);
#1409 = FACE_BOUND('',#1410,.T.);
#1410 = EDGE_LOOP('',(#1411,#1412,#1413,#1414));
#1411 = ORIENTED_EDGE('',*,*,#1111,.T.);
#1412 = ORIENTED_EDGE('',*,*,#1143,.T.);
#1413 = ORIENTED_EDGE('',*,*,#1175,.T.);
#1414 = ORIENTED_EDGE('',*,*,#1198,.T.);
#1415 = FACE_BOUND('',#1416,.T.);
#1416 = EDGE_LOOP('',(#1417));
#1417 = ORIENTED_EDGE('',*,*,#1231,.T.);
#1418 = FACE_BOUND('',#1419,.T.);
#1419 = EDGE_LOOP('',(#1420,#1421,#1422,#1423));
#1420 = ORIENTED_EDGE('',*,*,#1272,.T.);
#1421 = ORIENTED_EDGE('',*,*,#1304,.T.);
#1422 = ORIENTED_EDGE('',*,*,#1336,.T.);
#1423 = ORIENTED_EDGE('',*,*,#1359,.T.);
#1424 = PLANE('',#1425);
#1425 = AXIS2_PLACEMENT_3D('',#1426,#1427,#1428);
#1426 = CARTESIAN_POINT('',(6.861314640887,14.54848002281,0.));
#1427 = DIRECTION('',(-0.,-0.,-1.));
#1428 = DIRECTION('',(-1.,0.,0.));
#1429 = ADVANCED_FACE('',(#1430,#1453,#1459,#1465,#1468,#1474,#1477),
  #1483,.F.);
#1430 = FACE_BOUND('',#1431,.F.);
#1431 = EDGE_LOOP('',(#1432,#1433,#1434,#1435,#1436,#1437,#1438,#1439,
    #1440,#1441,#1442,#1443,#1444,#1445,#1446,#1447,#1448,#1449,#1450,
    #1451,#1452));
#1432 = ORIENTED_EDGE('',*,*,#139,.T.);
#1433 = ORIENTED_EDGE('',*,*,#170,.T.);
#1434 = ORIENTED_EDGE('',*,*,#201,.T.);
#1435 = ORIENTED_EDGE('',*,*,#234,.T.);
#1436 = ORIENTED_EDGE('',*,*,#267,.T.);
#1437 = ORIENTED_EDGE('',*,*,#298,.T.);
#1438 = ORIENTED_EDGE('',*,*,#331,.T.);
#1439 = ORIENTED_EDGE('',*,*,#364,.T.);
#1440 = ORIENTED_EDGE('',*,*,#395,.T.);
#1441 = ORIENTED_EDGE('',*,*,#426,.T.);
#1442 = ORIENTED_EDGE('',*,*,#457,.T.);
#1443 = ORIENTED_EDGE('',*,*,#490,.T.);
#1444 = ORIENTED_EDGE('',*,*,#523,.T.);
#1445 = ORIENTED_EDGE('',*,*,#554,.T.);
#1446 = ORIENTED_EDGE('',*,*,#587,.T.);
#1447 = ORIENTED_EDGE('',*,*,#620,.T.);
#1448 = ORIENTED_EDGE('',*,*,#651,.T.);
#1449 = ORIENTED_EDGE('',*,*,#682,.T.);
#1450 = ORIENTED_EDGE('',*,*,#713,.T.);
#1451 = ORIENTED_EDGE('',*,*,#744,.T.);
#1452 = ORIENTED_EDGE('',*,*,#775,.T.);
#1453 = FACE_BOUND('',#1454,.F.);
#1454 = EDGE_LOOP('',(#1455,#1456,#1457,#1458));
#1455 = ORIENTED_EDGE('',*,*,#806,.T.);
#1456 = ORIENTED_EDGE('',*,*,#837,.T.);
#1457 = ORIENTED_EDGE('',*,*,#870,.T.);
#1458 = ORIENTED_EDGE('',*,*,#901,.T.);
#1459 = FACE_BOUND('',#1460,.F.);
#1460 = EDGE_LOOP('',(#1461,#1462,#1463,#1464));
#1461 = ORIENTED_EDGE('',*,*,#934,.T.);
#1462 = ORIENTED_EDGE('',*,*,#965,.T.);
#1463 = ORIENTED_EDGE('',*,*,#998,.T.);
#1464 = ORIENTED_EDGE('',*,*,#1029,.T.);
#1465 = FACE_BOUND('',#1466,.F.);
#1466 = EDGE_LOOP('',(#1467));
#1467 = ORIENTED_EDGE('',*,*,#1062,.T.);
#1468 = FACE_BOUND('',#1469,.F.);
#1469 = EDGE_LOOP('',(#1470,#1471,#1472,#1473));
#1470 = ORIENTED_EDGE('',*,*,#1095,.T.);
#1471 = ORIENTED_EDGE('',*,*,#1126,.T.);
#1472 = ORIENTED_EDGE('',*,*,#1159,.T.);
#1473 = ORIENTED_EDGE('',*,*,#1190,.T.);
#1474 = FACE_BOUND('',#1475,.F.);
#1475 = EDGE_LOOP('',(#1476));
#1476 = ORIENTED_EDGE('',*,*,#1223,.T.);
#1477 = FACE_BOUND('',#1478,.F.);
#1478 = EDGE_LOOP('',(#1479,#1480,#1481,#1482));
#1479 = ORIENTED_EDGE('',*,*,#1256,.T.);
#1480 = ORIENTED_EDGE('',*,*,#1287,.T.);
#1481 = ORIENTED_EDGE('',*,*,#1320,.T.);
#1482 = ORIENTED_EDGE('',*,*,#1351,.T.);
#1483 = PLANE('',#1484);
#1484 = AXIS2_PLACEMENT_3D('',#1485,#1486,#1487);
#1485 = CARTESIAN_POINT('',(6.861314640887,14.54848002281,0.4072636));
#1486 = DIRECTION('',(-0.,-0.,-1.));
#1487 = DIRECTION('',(-1.,0.,0.));
#1488 = ( GEOMETRIC_REPRESENTATION_CONTEXT(3) 
GLOBAL_UNCERTAINTY_ASSIGNED_CONTEXT((#1492)) 
GLOBAL_UNIT_ASSIGNED_CONTEXT((#1489,#1490,#1491)) REPRESENTATION_CONTEXT
('Context #1','3D Context with UNIT and UNCERTAINTY') );
#1489 = ( LENGTH_UNIT() NAMED_UNIT(*) SI_UNIT(.MILLI.,.METRE.) );
#1490 = ( NAMED_UNIT(*) PLANE_ANGLE_UNIT() SI_UNIT($,.RADIAN.) );
#1491 = ( NAMED_UNIT(*) SI_UNIT($,.STERADIAN.) SOLID_ANGLE_UNIT() );
#1492 = UNCERTAINTY_MEASURE_WITH_UNIT(LENGTH_MEASURE(1.E-07),#1489,
  'distance_accuracy_value','confusion accuracy');
#1493 = SHAPE_DEFINITION_REPRESENTATION(#1494,#122);
#1494 = PRODUCT_DEFINITION_SHAPE('','',#1495);
#1495 = PRODUCT_DEFINITION('design','',#1496,#1499);
#1496 = PRODUCT_DEFINITION_FORMATION('','',#1497);
#1497 = PRODUCT('Open CASCADE STEP translator 7.5 1.1.1',
  'Open CASCADE STEP translator 7.5 1.1.1','',(#1498));
#1498 = PRODUCT_CONTEXT('',#2,'mechanical');
#1499 = PRODUCT_DEFINITION_CONTEXT('part definition',#2,'design');
#1500 = CONTEXT_DEPENDENT_SHAPE_REPRESENTATION(#1501,#1503);
#1501 = ( REPRESENTATION_RELATIONSHIP('','',#122,#112) 
REPRESENTATION_RELATIONSHIP_WITH_TRANSFORMATION(#1502) 
SHAPE_REPRESENTATION_RELATIONSHIP() );
#1502 = ITEM_DEFINED_TRANSFORMATION('','',#11,#113);
#1503 = PRODUCT_DEFINITION_SHAPE('Placement','Placement of an item',
  #1504);
#1504 = NEXT_ASSEMBLY_USAGE_OCCURRENCE('1','','',#107,#1495,$);
#1505 = PRODUCT_RELATED_PRODUCT_CATEGORY('part',$,(#1497));
#1506 = CONTEXT_DEPENDENT_SHAPE_REPRESENTATION(#1507,#1509);
#1507 = ( REPRESENTATION_RELATIONSHIP('','',#112,#10) 
REPRESENTATION_RELATIONSHIP_WITH_TRANSFORMATION(#1508) 
SHAPE_REPRESENTATION_RELATIONSHIP() );
#1508 = ITEM_DEFINED_TRANSFORMATION('','',#11,#15);
#1509 = PRODUCT_DEFINITION_SHAPE('Placement','Placement of an item',
  #1510);
#1510 = NEXT_ASSEMBLY_USAGE_OCCURRENCE('2','','',#5,#107,$);
#1511 = PRODUCT_RELATED_PRODUCT_CATEGORY('part',$,(#109));
#1512 = SHAPE_DEFINITION_REPRESENTATION(#1513,#1519);
#1513 = PRODUCT_DEFINITION_SHAPE('','',#1514);
#1514 = PRODUCT_DEFINITION('design','',#1515,#1518);
#1515 = PRODUCT_DEFINITION_FORMATION('','',#1516);
#1516 = PRODUCT('C1','C1','',(#1517));
#1517 = PRODUCT_CONTEXT('',#2,'mechanical');
#1518 = PRODUCT_DEFINITION_CONTEXT('part definition',#2,'design');
#1519 = SHAPE_REPRESENTATION('',(#11,#1520),#1524);
#1520 = AXIS2_PLACEMENT_3D('',#1521,#1522,#1523);
#1521 = CARTESIAN_POINT('',(8.300308462207,5.630218416006,0.));
#1522 = DIRECTION('',(-1.042505667337E-15,8.742273394091E-08,-1.));
#1523 = DIRECTION('',(-1.19248806385E-08,1.,8.742273394091E-08));
#1524 = ( GEOMETRIC_REPRESENTATION_CONTEXT(3) 
GLOBAL_UNCERTAINTY_ASSIGNED_CONTEXT((#1528)) 
GLOBAL_UNIT_ASSIGNED_CONTEXT((#1525,#1526,#1527)) REPRESENTATION_CONTEXT
('Context #1','3D Context with UNIT and UNCERTAINTY') );
#1525 = ( LENGTH_UNIT() NAMED_UNIT(*) SI_UNIT(.MILLI.,.METRE.) );
#1526 = ( NAMED_UNIT(*) PLANE_ANGLE_UNIT() SI_UNIT($,.RADIAN.) );
#1527 = ( NAMED_UNIT(*) SI_UNIT($,.STERADIAN.) SOLID_ANGLE_UNIT() );
#1528 = UNCERTAINTY_MEASURE_WITH_UNIT(LENGTH_MEASURE(1.E-07),#1525,
  'distance_accuracy_value','confusion accuracy');
#1529 = ADVANCED_BREP_SHAPE_REPRESENTATION('',(#11,#1530),#2808);
#1530 = MANIFOLD_SOLID_BREP('',#1531);
#1531 = CLOSED_SHELL('',(#1532,#1572,#1709,#1734,#1863,#1880,#1911,#1936
    ,#1960,#1985,#2009,#2034,#2058,#2076,#2098,#2115,#2127,#2144,#2156,
    #2187,#2212,#2236,#2261,#2285,#2310,#2334,#2352,#2385,#2414,#2439,
    #2468,#2493,#2522,#2545,#2568,#2601,#2630,#2655,#2684,#2709,#2738,
    #2761,#2784,#2796));
#1532 = ADVANCED_FACE('',(#1533),#1567,.F.);
#1533 = FACE_BOUND('',#1534,.T.);
#1534 = EDGE_LOOP('',(#1535,#1545,#1553,#1561));
#1535 = ORIENTED_EDGE('',*,*,#1536,.F.);
#1536 = EDGE_CURVE('',#1537,#1539,#1541,.T.);
#1537 = VERTEX_POINT('',#1538);
#1538 = CARTESIAN_POINT('',(0.15,1.5E-02,-0.295));
#1539 = VERTEX_POINT('',#1540);
#1540 = CARTESIAN_POINT('',(0.45,1.5E-02,-0.295));
#1541 = LINE('',#1542,#1543);
#1542 = CARTESIAN_POINT('',(0.15,1.5E-02,-0.295));
#1543 = VECTOR('',#1544,1.);
#1544 = DIRECTION('',(1.,0.,-0.));
#1545 = ORIENTED_EDGE('',*,*,#1546,.F.);
#1546 = EDGE_CURVE('',#1547,#1537,#1549,.T.);
#1547 = VERTEX_POINT('',#1548);
#1548 = CARTESIAN_POINT('',(0.15,0.285,-0.295));
#1549 = LINE('',#1550,#1551);
#1550 = CARTESIAN_POINT('',(0.15,-0.205,-0.295));
#1551 = VECTOR('',#1552,1.);
#1552 = DIRECTION('',(0.,-1.,-0.));
#1553 = ORIENTED_EDGE('',*,*,#1554,.F.);
#1554 = EDGE_CURVE('',#1555,#1547,#1557,.T.);
#1555 = VERTEX_POINT('',#1556);
#1556 = CARTESIAN_POINT('',(0.45,0.285,-0.295));
#1557 = LINE('',#1558,#1559);
#1558 = CARTESIAN_POINT('',(0.15,0.285,-0.295));
#1559 = VECTOR('',#1560,1.);
#1560 = DIRECTION('',(-1.,-0.,0.));
#1561 = ORIENTED_EDGE('',*,*,#1562,.F.);
#1562 = EDGE_CURVE('',#1539,#1555,#1563,.T.);
#1563 = LINE('',#1564,#1565);
#1564 = CARTESIAN_POINT('',(0.45,-0.205,-0.295));
#1565 = VECTOR('',#1566,1.);
#1566 = DIRECTION('',(-0.,1.,0.));
#1567 = PLANE('',#1568);
#1568 = AXIS2_PLACEMENT_3D('',#1569,#1570,#1571);
#1569 = CARTESIAN_POINT('',(0.15,-0.205,-0.295));
#1570 = DIRECTION('',(0.,0.,1.));
#1571 = DIRECTION('',(1.,0.,-0.));
#1572 = ADVANCED_FACE('',(#1573,#1643),#1704,.F.);
#1573 = FACE_BOUND('',#1574,.T.);
#1574 = EDGE_LOOP('',(#1575,#1586,#1594,#1603,#1611,#1620,#1628,#1637));
#1575 = ORIENTED_EDGE('',*,*,#1576,.F.);
#1576 = EDGE_CURVE('',#1577,#1579,#1581,.T.);
#1577 = VERTEX_POINT('',#1578);
#1578 = CARTESIAN_POINT('',(0.45,1.E-02,0.));
#1579 = VERTEX_POINT('',#1580);
#1580 = CARTESIAN_POINT('',(0.45,0.,-1.E-02));
#1581 = CIRCLE('',#1582,1.E-02);
#1582 = AXIS2_PLACEMENT_3D('',#1583,#1584,#1585);
#1583 = CARTESIAN_POINT('',(0.45,1.E-02,-1.E-02));
#1584 = DIRECTION('',(1.,0.,-0.));
#1585 = DIRECTION('',(0.,0.,1.));
#1586 = ORIENTED_EDGE('',*,*,#1587,.F.);
#1587 = EDGE_CURVE('',#1588,#1577,#1590,.T.);
#1588 = VERTEX_POINT('',#1589);
#1589 = CARTESIAN_POINT('',(0.45,0.29,0.));
#1590 = LINE('',#1591,#1592);
#1591 = CARTESIAN_POINT('',(0.45,0.3,0.));
#1592 = VECTOR('',#1593,1.);
#1593 = DIRECTION('',(-0.,-1.,-0.));
#1594 = ORIENTED_EDGE('',*,*,#1595,.F.);
#1595 = EDGE_CURVE('',#1596,#1588,#1598,.T.);
#1596 = VERTEX_POINT('',#1597);
#1597 = CARTESIAN_POINT('',(0.45,0.3,-1.E-02));
#1598 = CIRCLE('',#1599,1.E-02);
#1599 = AXIS2_PLACEMENT_3D('',#1600,#1601,#1602);
#1600 = CARTESIAN_POINT('',(0.45,0.29,-1.E-02));
#1601 = DIRECTION('',(1.,0.,0.));
#1602 = DIRECTION('',(0.,0.,-1.));
#1603 = ORIENTED_EDGE('',*,*,#1604,.F.);
#1604 = EDGE_CURVE('',#1605,#1596,#1607,.T.);
#1605 = VERTEX_POINT('',#1606);
#1606 = CARTESIAN_POINT('',(0.45,0.3,-0.29));
#1607 = LINE('',#1608,#1609);
#1608 = CARTESIAN_POINT('',(0.45,0.3,-0.5));
#1609 = VECTOR('',#1610,1.);
#1610 = DIRECTION('',(-0.,-0.,1.));
#1611 = ORIENTED_EDGE('',*,*,#1612,.F.);
#1612 = EDGE_CURVE('',#1613,#1605,#1615,.T.);
#1613 = VERTEX_POINT('',#1614);
#1614 = CARTESIAN_POINT('',(0.45,0.29,-0.3));
#1615 = CIRCLE('',#1616,1.E-02);
#1616 = AXIS2_PLACEMENT_3D('',#1617,#1618,#1619);
#1617 = CARTESIAN_POINT('',(0.45,0.29,-0.29));
#1618 = DIRECTION('',(1.,0.,-9.035018104046E-17));
#1619 = DIRECTION('',(9.035018104046E-17,0.,1.));
#1620 = ORIENTED_EDGE('',*,*,#1621,.F.);
#1621 = EDGE_CURVE('',#1622,#1613,#1624,.T.);
#1622 = VERTEX_POINT('',#1623);
#1623 = CARTESIAN_POINT('',(0.45,1.E-02,-0.3));
#1624 = LINE('',#1625,#1626);
#1625 = CARTESIAN_POINT('',(0.45,0.3,-0.3));
#1626 = VECTOR('',#1627,1.);
#1627 = DIRECTION('',(0.,1.,0.));
#1628 = ORIENTED_EDGE('',*,*,#1629,.F.);
#1629 = EDGE_CURVE('',#1630,#1622,#1632,.T.);
#1630 = VERTEX_POINT('',#1631);
#1631 = CARTESIAN_POINT('',(0.45,0.,-0.29));
#1632 = CIRCLE('',#1633,1.E-02);
#1633 = AXIS2_PLACEMENT_3D('',#1634,#1635,#1636);
#1634 = CARTESIAN_POINT('',(0.45,1.E-02,-0.29));
#1635 = DIRECTION('',(1.,0.,-9.035018104046E-17));
#1636 = DIRECTION('',(-9.035018104046E-17,-0.,-1.));
#1637 = ORIENTED_EDGE('',*,*,#1638,.F.);
#1638 = EDGE_CURVE('',#1579,#1630,#1639,.T.);
#1639 = LINE('',#1640,#1641);
#1640 = CARTESIAN_POINT('',(0.45,0.,-0.5));
#1641 = VECTOR('',#1642,1.);
#1642 = DIRECTION('',(0.,0.,-1.));
#1643 = FACE_BOUND('',#1644,.T.);
#1644 = EDGE_LOOP('',(#1645,#1656,#1664,#1671,#1672,#1681,#1689,#1698));
#1645 = ORIENTED_EDGE('',*,*,#1646,.F.);
#1646 = EDGE_CURVE('',#1647,#1649,#1651,.T.);
#1647 = VERTEX_POINT('',#1648);
#1648 = CARTESIAN_POINT('',(0.45,5.E-03,-1.5E-02));
#1649 = VERTEX_POINT('',#1650);
#1650 = CARTESIAN_POINT('',(0.45,1.5E-02,-5.E-03));
#1651 = CIRCLE('',#1652,1.E-02);
#1652 = AXIS2_PLACEMENT_3D('',#1653,#1654,#1655);
#1653 = CARTESIAN_POINT('',(0.45,1.5E-02,-1.5E-02));
#1654 = DIRECTION('',(-1.,-1.214080557731E-16,1.807003620809E-16));
#1655 = DIRECTION('',(1.807003620809E-16,2.193847963774E-32,1.));
#1656 = ORIENTED_EDGE('',*,*,#1657,.F.);
#1657 = EDGE_CURVE('',#1658,#1647,#1660,.T.);
#1658 = VERTEX_POINT('',#1659);
#1659 = CARTESIAN_POINT('',(0.45,5.E-03,-0.285));
#1660 = LINE('',#1661,#1662);
#1661 = CARTESIAN_POINT('',(0.45,5.E-03,-0.5));
#1662 = VECTOR('',#1663,1.);
#1663 = DIRECTION('',(-0.,-0.,1.));
#1664 = ORIENTED_EDGE('',*,*,#1665,.F.);
#1665 = EDGE_CURVE('',#1539,#1658,#1666,.T.);
#1666 = CIRCLE('',#1667,1.E-02);
#1667 = AXIS2_PLACEMENT_3D('',#1668,#1669,#1670);
#1668 = CARTESIAN_POINT('',(0.45,1.5E-02,-0.285));
#1669 = DIRECTION('',(-1.,-1.214080557731E-16,-0.));
#1670 = DIRECTION('',(-1.214080557731E-16,1.,0.));
#1671 = ORIENTED_EDGE('',*,*,#1562,.T.);
#1672 = ORIENTED_EDGE('',*,*,#1673,.F.);
#1673 = EDGE_CURVE('',#1674,#1555,#1676,.T.);
#1674 = VERTEX_POINT('',#1675);
#1675 = CARTESIAN_POINT('',(0.45,0.295,-0.285));
#1676 = CIRCLE('',#1677,1.E-02);
#1677 = AXIS2_PLACEMENT_3D('',#1678,#1679,#1680);
#1678 = CARTESIAN_POINT('',(0.45,0.285,-0.285));
#1679 = DIRECTION('',(-1.,-1.807003620809E-16,-0.));
#1680 = DIRECTION('',(-1.807003620809E-16,1.,0.));
#1681 = ORIENTED_EDGE('',*,*,#1682,.F.);
#1682 = EDGE_CURVE('',#1683,#1674,#1685,.T.);
#1683 = VERTEX_POINT('',#1684);
#1684 = CARTESIAN_POINT('',(0.45,0.295,-1.5E-02));
#1685 = LINE('',#1686,#1687);
#1686 = CARTESIAN_POINT('',(0.45,0.295,-0.5));
#1687 = VECTOR('',#1688,1.);
#1688 = DIRECTION('',(0.,0.,-1.));
#1689 = ORIENTED_EDGE('',*,*,#1690,.F.);
#1690 = EDGE_CURVE('',#1691,#1683,#1693,.T.);
#1691 = VERTEX_POINT('',#1692);
#1692 = CARTESIAN_POINT('',(0.45,0.285,-5.E-03));
#1693 = CIRCLE('',#1694,1.E-02);
#1694 = AXIS2_PLACEMENT_3D('',#1695,#1696,#1697);
#1695 = CARTESIAN_POINT('',(0.45,0.285,-1.5E-02));
#1696 = DIRECTION('',(-1.,-1.807003620809E-16,1.807003620809E-16));
#1697 = DIRECTION('',(1.807003620809E-16,3.265262085617E-32,1.));
#1698 = ORIENTED_EDGE('',*,*,#1699,.F.);
#1699 = EDGE_CURVE('',#1649,#1691,#1700,.T.);
#1700 = LINE('',#1701,#1702);
#1701 = CARTESIAN_POINT('',(0.45,0.3,-5.E-03));
#1702 = VECTOR('',#1703,1.);
#1703 = DIRECTION('',(0.,1.,0.));
#1704 = PLANE('',#1705);
#1705 = AXIS2_PLACEMENT_3D('',#1706,#1707,#1708);
#1706 = CARTESIAN_POINT('',(0.45,0.3,-0.5));
#1707 = DIRECTION('',(1.,-0.,0.));
#1708 = DIRECTION('',(0.,0.,-1.));
#1709 = ADVANCED_FACE('',(#1710),#1729,.T.);
#1710 = FACE_BOUND('',#1711,.T.);
#1711 = EDGE_LOOP('',(#1712,#1713,#1721,#1728));
#1712 = ORIENTED_EDGE('',*,*,#1665,.T.);
#1713 = ORIENTED_EDGE('',*,*,#1714,.T.);
#1714 = EDGE_CURVE('',#1658,#1715,#1717,.T.);
#1715 = VERTEX_POINT('',#1716);
#1716 = CARTESIAN_POINT('',(0.15,5.E-03,-0.285));
#1717 = LINE('',#1718,#1719);
#1718 = CARTESIAN_POINT('',(0.15,5.E-03,-0.285));
#1719 = VECTOR('',#1720,1.);
#1720 = DIRECTION('',(-1.,-1.214080557731E-16,-0.));
#1721 = ORIENTED_EDGE('',*,*,#1722,.T.);
#1722 = EDGE_CURVE('',#1715,#1537,#1723,.T.);
#1723 = CIRCLE('',#1724,1.E-02);
#1724 = AXIS2_PLACEMENT_3D('',#1725,#1726,#1727);
#1725 = CARTESIAN_POINT('',(0.15,1.5E-02,-0.285));
#1726 = DIRECTION('',(1.,1.214080557731E-16,0.));
#1727 = DIRECTION('',(-1.214080557731E-16,1.,0.));
#1728 = ORIENTED_EDGE('',*,*,#1536,.T.);
#1729 = CYLINDRICAL_SURFACE('',#1730,1.E-02);
#1730 = AXIS2_PLACEMENT_3D('',#1731,#1732,#1733);
#1731 = CARTESIAN_POINT('',(0.15,1.5E-02,-0.285));
#1732 = DIRECTION('',(1.,1.214080557731E-16,0.));
#1733 = DIRECTION('',(-1.214080557731E-16,1.,0.));
#1734 = ADVANCED_FACE('',(#1735,#1788),#1858,.F.);
#1735 = FACE_BOUND('',#1736,.T.);
#1736 = EDGE_LOOP('',(#1737,#1738,#1746,#1755,#1763,#1772,#1780,#1787));
#1737 = ORIENTED_EDGE('',*,*,#1722,.F.);
#1738 = ORIENTED_EDGE('',*,*,#1739,.F.);
#1739 = EDGE_CURVE('',#1740,#1715,#1742,.T.);
#1740 = VERTEX_POINT('',#1741);
#1741 = CARTESIAN_POINT('',(0.15,5.E-03,-1.5E-02));
#1742 = LINE('',#1743,#1744);
#1743 = CARTESIAN_POINT('',(0.15,5.E-03,-0.5));
#1744 = VECTOR('',#1745,1.);
#1745 = DIRECTION('',(-0.,-0.,-1.));
#1746 = ORIENTED_EDGE('',*,*,#1747,.F.);
#1747 = EDGE_CURVE('',#1748,#1740,#1750,.T.);
#1748 = VERTEX_POINT('',#1749);
#1749 = CARTESIAN_POINT('',(0.15,1.5E-02,-5.E-03));
#1750 = CIRCLE('',#1751,1.E-02);
#1751 = AXIS2_PLACEMENT_3D('',#1752,#1753,#1754);
#1752 = CARTESIAN_POINT('',(0.15,1.5E-02,-1.5E-02));
#1753 = DIRECTION('',(1.,1.214080557731E-16,-1.807003620809E-16));
#1754 = DIRECTION('',(1.807003620809E-16,2.193847963774E-32,1.));
#1755 = ORIENTED_EDGE('',*,*,#1756,.F.);
#1756 = EDGE_CURVE('',#1757,#1748,#1759,.T.);
#1757 = VERTEX_POINT('',#1758);
#1758 = CARTESIAN_POINT('',(0.15,0.285,-5.E-03));
#1759 = LINE('',#1760,#1761);
#1760 = CARTESIAN_POINT('',(0.15,0.3,-5.E-03));
#1761 = VECTOR('',#1762,1.);
#1762 = DIRECTION('',(-0.,-1.,0.));
#1763 = ORIENTED_EDGE('',*,*,#1764,.F.);
#1764 = EDGE_CURVE('',#1765,#1757,#1767,.T.);
#1765 = VERTEX_POINT('',#1766);
#1766 = CARTESIAN_POINT('',(0.15,0.295,-1.5E-02));
#1767 = CIRCLE('',#1768,1.E-02);
#1768 = AXIS2_PLACEMENT_3D('',#1769,#1770,#1771);
#1769 = CARTESIAN_POINT('',(0.15,0.285,-1.5E-02));
#1770 = DIRECTION('',(1.,1.807003620809E-16,-1.807003620809E-16));
#1771 = DIRECTION('',(1.807003620809E-16,3.265262085617E-32,1.));
#1772 = ORIENTED_EDGE('',*,*,#1773,.F.);
#1773 = EDGE_CURVE('',#1774,#1765,#1776,.T.);
#1774 = VERTEX_POINT('',#1775);
#1775 = CARTESIAN_POINT('',(0.15,0.295,-0.285));
#1776 = LINE('',#1777,#1778);
#1777 = CARTESIAN_POINT('',(0.15,0.295,-0.5));
#1778 = VECTOR('',#1779,1.);
#1779 = DIRECTION('',(0.,0.,1.));
#1780 = ORIENTED_EDGE('',*,*,#1781,.F.);
#1781 = EDGE_CURVE('',#1547,#1774,#1782,.T.);
#1782 = CIRCLE('',#1783,1.E-02);
#1783 = AXIS2_PLACEMENT_3D('',#1784,#1785,#1786);
#1784 = CARTESIAN_POINT('',(0.15,0.285,-0.285));
#1785 = DIRECTION('',(1.,1.807003620809E-16,0.));
#1786 = DIRECTION('',(-1.807003620809E-16,1.,0.));
#1787 = ORIENTED_EDGE('',*,*,#1546,.T.);
#1788 = FACE_BOUND('',#1789,.T.);
#1789 = EDGE_LOOP('',(#1790,#1801,#1809,#1818,#1826,#1835,#1843,#1852));
#1790 = ORIENTED_EDGE('',*,*,#1791,.F.);
#1791 = EDGE_CURVE('',#1792,#1794,#1796,.T.);
#1792 = VERTEX_POINT('',#1793);
#1793 = CARTESIAN_POINT('',(0.15,1.270549420881E-17,-1.E-02));
#1794 = VERTEX_POINT('',#1795);
#1795 = CARTESIAN_POINT('',(0.15,1.E-02,0.));
#1796 = CIRCLE('',#1797,1.E-02);
#1797 = AXIS2_PLACEMENT_3D('',#1798,#1799,#1800);
#1798 = CARTESIAN_POINT('',(0.15,1.E-02,-1.E-02));
#1799 = DIRECTION('',(-1.,0.,0.));
#1800 = DIRECTION('',(0.,0.,1.));
#1801 = ORIENTED_EDGE('',*,*,#1802,.F.);
#1802 = EDGE_CURVE('',#1803,#1792,#1805,.T.);
#1803 = VERTEX_POINT('',#1804);
#1804 = CARTESIAN_POINT('',(0.15,0.,-0.29));
#1805 = LINE('',#1806,#1807);
#1806 = CARTESIAN_POINT('',(0.15,0.,-0.5));
#1807 = VECTOR('',#1808,1.);
#1808 = DIRECTION('',(0.,0.,1.));
#1809 = ORIENTED_EDGE('',*,*,#1810,.F.);
#1810 = EDGE_CURVE('',#1811,#1803,#1813,.T.);
#1811 = VERTEX_POINT('',#1812);
#1812 = CARTESIAN_POINT('',(0.15,1.E-02,-0.3));
#1813 = CIRCLE('',#1814,1.E-02);
#1814 = AXIS2_PLACEMENT_3D('',#1815,#1816,#1817);
#1815 = CARTESIAN_POINT('',(0.15,1.E-02,-0.29));
#1816 = DIRECTION('',(-1.,-0.,9.035018104046E-17));
#1817 = DIRECTION('',(-9.035018104046E-17,0.,-1.));
#1818 = ORIENTED_EDGE('',*,*,#1819,.F.);
#1819 = EDGE_CURVE('',#1820,#1811,#1822,.T.);
#1820 = VERTEX_POINT('',#1821);
#1821 = CARTESIAN_POINT('',(0.15,0.29,-0.3));
#1822 = LINE('',#1823,#1824);
#1823 = CARTESIAN_POINT('',(0.15,0.3,-0.3));
#1824 = VECTOR('',#1825,1.);
#1825 = DIRECTION('',(-0.,-1.,0.));
#1826 = ORIENTED_EDGE('',*,*,#1827,.F.);
#1827 = EDGE_CURVE('',#1828,#1820,#1830,.T.);
#1828 = VERTEX_POINT('',#1829);
#1829 = CARTESIAN_POINT('',(0.15,0.3,-0.29));
#1830 = CIRCLE('',#1831,1.E-02);
#1831 = AXIS2_PLACEMENT_3D('',#1832,#1833,#1834);
#1832 = CARTESIAN_POINT('',(0.15,0.29,-0.29));
#1833 = DIRECTION('',(-1.,0.,9.035018104046E-17));
#1834 = DIRECTION('',(9.035018104046E-17,0.,1.));
#1835 = ORIENTED_EDGE('',*,*,#1836,.F.);
#1836 = EDGE_CURVE('',#1837,#1828,#1839,.T.);
#1837 = VERTEX_POINT('',#1838);
#1838 = CARTESIAN_POINT('',(0.15,0.3,-1.E-02));
#1839 = LINE('',#1840,#1841);
#1840 = CARTESIAN_POINT('',(0.15,0.3,-0.5));
#1841 = VECTOR('',#1842,1.);
#1842 = DIRECTION('',(-0.,-0.,-1.));
#1843 = ORIENTED_EDGE('',*,*,#1844,.F.);
#1844 = EDGE_CURVE('',#1845,#1837,#1847,.T.);
#1845 = VERTEX_POINT('',#1846);
#1846 = CARTESIAN_POINT('',(0.15,0.29,0.));
#1847 = CIRCLE('',#1848,1.E-02);
#1848 = AXIS2_PLACEMENT_3D('',#1849,#1850,#1851);
#1849 = CARTESIAN_POINT('',(0.15,0.29,-1.E-02));
#1850 = DIRECTION('',(-1.,-0.,-0.));
#1851 = DIRECTION('',(0.,0.,-1.));
#1852 = ORIENTED_EDGE('',*,*,#1853,.F.);
#1853 = EDGE_CURVE('',#1794,#1845,#1854,.T.);
#1854 = LINE('',#1855,#1856);
#1855 = CARTESIAN_POINT('',(0.15,0.3,0.));
#1856 = VECTOR('',#1857,1.);
#1857 = DIRECTION('',(0.,1.,-0.));
#1858 = PLANE('',#1859);
#1859 = AXIS2_PLACEMENT_3D('',#1860,#1861,#1862);
#1860 = CARTESIAN_POINT('',(0.15,0.3,-0.5));
#1861 = DIRECTION('',(-1.,0.,0.));
#1862 = DIRECTION('',(0.,0.,1.));
#1863 = ADVANCED_FACE('',(#1864),#1875,.T.);
#1864 = FACE_BOUND('',#1865,.T.);
#1865 = EDGE_LOOP('',(#1866,#1867,#1868,#1869));
#1866 = ORIENTED_EDGE('',*,*,#1673,.T.);
#1867 = ORIENTED_EDGE('',*,*,#1554,.T.);
#1868 = ORIENTED_EDGE('',*,*,#1781,.T.);
#1869 = ORIENTED_EDGE('',*,*,#1870,.T.);
#1870 = EDGE_CURVE('',#1774,#1674,#1871,.T.);
#1871 = LINE('',#1872,#1873);
#1872 = CARTESIAN_POINT('',(0.15,0.295,-0.285));
#1873 = VECTOR('',#1874,1.);
#1874 = DIRECTION('',(1.,1.807003620809E-16,0.));
#1875 = CYLINDRICAL_SURFACE('',#1876,1.E-02);
#1876 = AXIS2_PLACEMENT_3D('',#1877,#1878,#1879);
#1877 = CARTESIAN_POINT('',(0.15,0.285,-0.285));
#1878 = DIRECTION('',(1.,1.807003620809E-16,0.));
#1879 = DIRECTION('',(-1.807003620809E-16,1.,0.));
#1880 = ADVANCED_FACE('',(#1881),#1906,.T.);
#1881 = FACE_BOUND('',#1882,.T.);
#1882 = EDGE_LOOP('',(#1883,#1884,#1892,#1900));
#1883 = ORIENTED_EDGE('',*,*,#1638,.T.);
#1884 = ORIENTED_EDGE('',*,*,#1885,.T.);
#1885 = EDGE_CURVE('',#1630,#1886,#1888,.T.);
#1886 = VERTEX_POINT('',#1887);
#1887 = CARTESIAN_POINT('',(0.59,0.,-0.29));
#1888 = LINE('',#1889,#1890);
#1889 = CARTESIAN_POINT('',(0.,0.,-0.29));
#1890 = VECTOR('',#1891,1.);
#1891 = DIRECTION('',(1.,0.,0.));
#1892 = ORIENTED_EDGE('',*,*,#1893,.T.);
#1893 = EDGE_CURVE('',#1886,#1894,#1896,.T.);
#1894 = VERTEX_POINT('',#1895);
#1895 = CARTESIAN_POINT('',(0.59,6.352747104407E-18,-1.E-02));
#1896 = LINE('',#1897,#1898);
#1897 = CARTESIAN_POINT('',(0.59,0.,-0.3));
#1898 = VECTOR('',#1899,1.);
#1899 = DIRECTION('',(-0.,0.,1.));
#1900 = ORIENTED_EDGE('',*,*,#1901,.T.);
#1901 = EDGE_CURVE('',#1894,#1579,#1902,.T.);
#1902 = LINE('',#1903,#1904);
#1903 = CARTESIAN_POINT('',(0.,0.,-1.E-02));
#1904 = VECTOR('',#1905,1.);
#1905 = DIRECTION('',(-1.,-0.,-0.));
#1906 = PLANE('',#1907);
#1907 = AXIS2_PLACEMENT_3D('',#1908,#1909,#1910);
#1908 = CARTESIAN_POINT('',(0.,0.,-0.3));
#1909 = DIRECTION('',(0.,-1.,0.));
#1910 = DIRECTION('',(0.,-0.,-1.));
#1911 = ADVANCED_FACE('',(#1912),#1931,.T.);
#1912 = FACE_BOUND('',#1913,.T.);
#1913 = EDGE_LOOP('',(#1914,#1923,#1929,#1930));
#1914 = ORIENTED_EDGE('',*,*,#1915,.T.);
#1915 = EDGE_CURVE('',#1894,#1916,#1918,.T.);
#1916 = VERTEX_POINT('',#1917);
#1917 = CARTESIAN_POINT('',(0.59,1.E-02,4.235164736272E-19));
#1918 = CIRCLE('',#1919,1.E-02);
#1919 = AXIS2_PLACEMENT_3D('',#1920,#1921,#1922);
#1920 = CARTESIAN_POINT('',(0.59,1.E-02,-1.E-02));
#1921 = DIRECTION('',(-1.,0.,0.));
#1922 = DIRECTION('',(0.,0.,1.));
#1923 = ORIENTED_EDGE('',*,*,#1924,.T.);
#1924 = EDGE_CURVE('',#1916,#1577,#1925,.T.);
#1925 = LINE('',#1926,#1927);
#1926 = CARTESIAN_POINT('',(0.,1.E-02,0.));
#1927 = VECTOR('',#1928,1.);
#1928 = DIRECTION('',(-1.,0.,-0.));
#1929 = ORIENTED_EDGE('',*,*,#1576,.T.);
#1930 = ORIENTED_EDGE('',*,*,#1901,.F.);
#1931 = CYLINDRICAL_SURFACE('',#1932,1.E-02);
#1932 = AXIS2_PLACEMENT_3D('',#1933,#1934,#1935);
#1933 = CARTESIAN_POINT('',(0.,1.E-02,-1.E-02));
#1934 = DIRECTION('',(-1.,0.,0.));
#1935 = DIRECTION('',(0.,0.,1.));
#1936 = ADVANCED_FACE('',(#1937),#1955,.F.);
#1937 = FACE_BOUND('',#1938,.T.);
#1938 = EDGE_LOOP('',(#1939,#1940,#1948,#1954));
#1939 = ORIENTED_EDGE('',*,*,#1924,.F.);
#1940 = ORIENTED_EDGE('',*,*,#1941,.F.);
#1941 = EDGE_CURVE('',#1942,#1916,#1944,.T.);
#1942 = VERTEX_POINT('',#1943);
#1943 = CARTESIAN_POINT('',(0.59,0.29,-6.776263578034E-18));
#1944 = LINE('',#1945,#1946);
#1945 = CARTESIAN_POINT('',(0.59,0.3,0.));
#1946 = VECTOR('',#1947,1.);
#1947 = DIRECTION('',(-0.,-1.,-0.));
#1948 = ORIENTED_EDGE('',*,*,#1949,.F.);
#1949 = EDGE_CURVE('',#1588,#1942,#1950,.T.);
#1950 = LINE('',#1951,#1952);
#1951 = CARTESIAN_POINT('',(0.,0.29,0.));
#1952 = VECTOR('',#1953,1.);
#1953 = DIRECTION('',(1.,-0.,0.));
#1954 = ORIENTED_EDGE('',*,*,#1587,.T.);
#1955 = PLANE('',#1956);
#1956 = AXIS2_PLACEMENT_3D('',#1957,#1958,#1959);
#1957 = CARTESIAN_POINT('',(0.,0.3,0.));
#1958 = DIRECTION('',(0.,0.,-1.));
#1959 = DIRECTION('',(-1.,0.,-0.));
#1960 = ADVANCED_FACE('',(#1961),#1980,.T.);
#1961 = FACE_BOUND('',#1962,.T.);
#1962 = EDGE_LOOP('',(#1963,#1972,#1978,#1979));
#1963 = ORIENTED_EDGE('',*,*,#1964,.T.);
#1964 = EDGE_CURVE('',#1942,#1965,#1967,.T.);
#1965 = VERTEX_POINT('',#1966);
#1966 = CARTESIAN_POINT('',(0.59,0.3,-1.E-02));
#1967 = CIRCLE('',#1968,1.E-02);
#1968 = AXIS2_PLACEMENT_3D('',#1969,#1970,#1971);
#1969 = CARTESIAN_POINT('',(0.59,0.29,-1.E-02));
#1970 = DIRECTION('',(-1.,-0.,-0.));
#1971 = DIRECTION('',(0.,0.,-1.));
#1972 = ORIENTED_EDGE('',*,*,#1973,.T.);
#1973 = EDGE_CURVE('',#1965,#1596,#1974,.T.);
#1974 = LINE('',#1975,#1976);
#1975 = CARTESIAN_POINT('',(0.,0.3,-1.E-02));
#1976 = VECTOR('',#1977,1.);
#1977 = DIRECTION('',(-1.,-0.,-0.));
#1978 = ORIENTED_EDGE('',*,*,#1595,.T.);
#1979 = ORIENTED_EDGE('',*,*,#1949,.T.);
#1980 = CYLINDRICAL_SURFACE('',#1981,1.E-02);
#1981 = AXIS2_PLACEMENT_3D('',#1982,#1983,#1984);
#1982 = CARTESIAN_POINT('',(0.,0.29,-1.E-02));
#1983 = DIRECTION('',(1.,0.,0.));
#1984 = DIRECTION('',(0.,0.,-1.));
#1985 = ADVANCED_FACE('',(#1986),#2004,.F.);
#1986 = FACE_BOUND('',#1987,.T.);
#1987 = EDGE_LOOP('',(#1988,#1996,#1997,#1998));
#1988 = ORIENTED_EDGE('',*,*,#1989,.F.);
#1989 = EDGE_CURVE('',#1605,#1990,#1992,.T.);
#1990 = VERTEX_POINT('',#1991);
#1991 = CARTESIAN_POINT('',(0.59,0.3,-0.29));
#1992 = LINE('',#1993,#1994);
#1993 = CARTESIAN_POINT('',(0.,0.3,-0.29));
#1994 = VECTOR('',#1995,1.);
#1995 = DIRECTION('',(1.,0.,0.));
#1996 = ORIENTED_EDGE('',*,*,#1604,.T.);
#1997 = ORIENTED_EDGE('',*,*,#1973,.F.);
#1998 = ORIENTED_EDGE('',*,*,#1999,.F.);
#1999 = EDGE_CURVE('',#1990,#1965,#2000,.T.);
#2000 = LINE('',#2001,#2002);
#2001 = CARTESIAN_POINT('',(0.59,0.3,-0.3));
#2002 = VECTOR('',#2003,1.);
#2003 = DIRECTION('',(-0.,0.,1.));
#2004 = PLANE('',#2005);
#2005 = AXIS2_PLACEMENT_3D('',#2006,#2007,#2008);
#2006 = CARTESIAN_POINT('',(0.,0.3,-0.3));
#2007 = DIRECTION('',(0.,-1.,0.));
#2008 = DIRECTION('',(0.,-0.,-1.));
#2009 = ADVANCED_FACE('',(#2010),#2029,.T.);
#2010 = FACE_BOUND('',#2011,.T.);
#2011 = EDGE_LOOP('',(#2012,#2013,#2014,#2023));
#2012 = ORIENTED_EDGE('',*,*,#1612,.T.);
#2013 = ORIENTED_EDGE('',*,*,#1989,.T.);
#2014 = ORIENTED_EDGE('',*,*,#2015,.T.);
#2015 = EDGE_CURVE('',#1990,#2016,#2018,.T.);
#2016 = VERTEX_POINT('',#2017);
#2017 = CARTESIAN_POINT('',(0.59,0.29,-0.3));
#2018 = CIRCLE('',#2019,1.E-02);
#2019 = AXIS2_PLACEMENT_3D('',#2020,#2021,#2022);
#2020 = CARTESIAN_POINT('',(0.59,0.29,-0.29));
#2021 = DIRECTION('',(-1.,0.,9.035018104046E-17));
#2022 = DIRECTION('',(9.035018104046E-17,0.,1.));
#2023 = ORIENTED_EDGE('',*,*,#2024,.T.);
#2024 = EDGE_CURVE('',#2016,#1613,#2025,.T.);
#2025 = LINE('',#2026,#2027);
#2026 = CARTESIAN_POINT('',(0.,0.29,-0.3));
#2027 = VECTOR('',#2028,1.);
#2028 = DIRECTION('',(-1.,0.,9.035018104046E-17));
#2029 = CYLINDRICAL_SURFACE('',#2030,1.E-02);
#2030 = AXIS2_PLACEMENT_3D('',#2031,#2032,#2033);
#2031 = CARTESIAN_POINT('',(9.035018104046E-19,0.29,-0.29));
#2032 = DIRECTION('',(-1.,0.,9.035018104046E-17));
#2033 = DIRECTION('',(9.035018104046E-17,0.,1.));
#2034 = ADVANCED_FACE('',(#2035),#2053,.F.);
#2035 = FACE_BOUND('',#2036,.T.);
#2036 = EDGE_LOOP('',(#2037,#2045,#2046,#2047));
#2037 = ORIENTED_EDGE('',*,*,#2038,.F.);
#2038 = EDGE_CURVE('',#1622,#2039,#2041,.T.);
#2039 = VERTEX_POINT('',#2040);
#2040 = CARTESIAN_POINT('',(0.59,1.E-02,-0.3));
#2041 = LINE('',#2042,#2043);
#2042 = CARTESIAN_POINT('',(0.,1.E-02,-0.3));
#2043 = VECTOR('',#2044,1.);
#2044 = DIRECTION('',(1.,0.,-9.035018104046E-17));
#2045 = ORIENTED_EDGE('',*,*,#1621,.T.);
#2046 = ORIENTED_EDGE('',*,*,#2024,.F.);
#2047 = ORIENTED_EDGE('',*,*,#2048,.F.);
#2048 = EDGE_CURVE('',#2039,#2016,#2049,.T.);
#2049 = LINE('',#2050,#2051);
#2050 = CARTESIAN_POINT('',(0.59,0.3,-0.3));
#2051 = VECTOR('',#2052,1.);
#2052 = DIRECTION('',(0.,1.,0.));
#2053 = PLANE('',#2054);
#2054 = AXIS2_PLACEMENT_3D('',#2055,#2056,#2057);
#2055 = CARTESIAN_POINT('',(0.,0.3,-0.3));
#2056 = DIRECTION('',(9.035018104046E-17,-0.,1.));
#2057 = DIRECTION('',(1.,0.,-9.035018104046E-17));
#2058 = ADVANCED_FACE('',(#2059),#2071,.T.);
#2059 = FACE_BOUND('',#2060,.T.);
#2060 = EDGE_LOOP('',(#2061,#2068,#2069,#2070));
#2061 = ORIENTED_EDGE('',*,*,#2062,.T.);
#2062 = EDGE_CURVE('',#2039,#1886,#2063,.T.);
#2063 = CIRCLE('',#2064,1.E-02);
#2064 = AXIS2_PLACEMENT_3D('',#2065,#2066,#2067);
#2065 = CARTESIAN_POINT('',(0.59,1.E-02,-0.29));
#2066 = DIRECTION('',(-1.,-0.,9.035018104046E-17));
#2067 = DIRECTION('',(-9.035018104046E-17,0.,-1.));
#2068 = ORIENTED_EDGE('',*,*,#1885,.F.);
#2069 = ORIENTED_EDGE('',*,*,#1629,.T.);
#2070 = ORIENTED_EDGE('',*,*,#2038,.T.);
#2071 = CYLINDRICAL_SURFACE('',#2072,1.E-02);
#2072 = AXIS2_PLACEMENT_3D('',#2073,#2074,#2075);
#2073 = CARTESIAN_POINT('',(9.035018104046E-19,1.E-02,-0.29));
#2074 = DIRECTION('',(1.,0.,-9.035018104046E-17));
#2075 = DIRECTION('',(-9.035018104046E-17,0.,-1.));
#2076 = ADVANCED_FACE('',(#2077),#2093,.F.);
#2077 = FACE_BOUND('',#2078,.T.);
#2078 = EDGE_LOOP('',(#2079,#2085,#2086,#2092));
#2079 = ORIENTED_EDGE('',*,*,#2080,.F.);
#2080 = EDGE_CURVE('',#1649,#1748,#2081,.T.);
#2081 = LINE('',#2082,#2083);
#2082 = CARTESIAN_POINT('',(0.15,1.5E-02,-5.E-03));
#2083 = VECTOR('',#2084,1.);
#2084 = DIRECTION('',(-1.,0.,1.807003620809E-16));
#2085 = ORIENTED_EDGE('',*,*,#1699,.T.);
#2086 = ORIENTED_EDGE('',*,*,#2087,.F.);
#2087 = EDGE_CURVE('',#1757,#1691,#2088,.T.);
#2088 = LINE('',#2089,#2090);
#2089 = CARTESIAN_POINT('',(0.15,0.285,-5.E-03));
#2090 = VECTOR('',#2091,1.);
#2091 = DIRECTION('',(1.,-0.,-1.807003620809E-16));
#2092 = ORIENTED_EDGE('',*,*,#1756,.T.);
#2093 = PLANE('',#2094);
#2094 = AXIS2_PLACEMENT_3D('',#2095,#2096,#2097);
#2095 = CARTESIAN_POINT('',(0.15,-0.205,-5.E-03));
#2096 = DIRECTION('',(-1.807003620809E-16,-3.265262085617E-32,-1.));
#2097 = DIRECTION('',(-1.,0.,1.807003620809E-16));
#2098 = ADVANCED_FACE('',(#2099),#2110,.T.);
#2099 = FACE_BOUND('',#2100,.T.);
#2100 = EDGE_LOOP('',(#2101,#2102,#2108,#2109));
#2101 = ORIENTED_EDGE('',*,*,#1747,.T.);
#2102 = ORIENTED_EDGE('',*,*,#2103,.T.);
#2103 = EDGE_CURVE('',#1740,#1647,#2104,.T.);
#2104 = LINE('',#2105,#2106);
#2105 = CARTESIAN_POINT('',(0.15,5.E-03,-1.5E-02));
#2106 = VECTOR('',#2107,1.);
#2107 = DIRECTION('',(1.,1.214080557731E-16,-1.807003620809E-16));
#2108 = ORIENTED_EDGE('',*,*,#1646,.T.);
#2109 = ORIENTED_EDGE('',*,*,#2080,.T.);
#2110 = CYLINDRICAL_SURFACE('',#2111,1.E-02);
#2111 = AXIS2_PLACEMENT_3D('',#2112,#2113,#2114);
#2112 = CARTESIAN_POINT('',(0.15,1.5E-02,-1.5E-02));
#2113 = DIRECTION('',(-1.,-1.214080557731E-16,1.807003620809E-16));
#2114 = DIRECTION('',(1.807003620809E-16,2.193847963774E-32,1.));
#2115 = ADVANCED_FACE('',(#2116),#2122,.F.);
#2116 = FACE_BOUND('',#2117,.T.);
#2117 = EDGE_LOOP('',(#2118,#2119,#2120,#2121));
#2118 = ORIENTED_EDGE('',*,*,#2103,.F.);
#2119 = ORIENTED_EDGE('',*,*,#1739,.T.);
#2120 = ORIENTED_EDGE('',*,*,#1714,.F.);
#2121 = ORIENTED_EDGE('',*,*,#1657,.T.);
#2122 = PLANE('',#2123);
#2123 = AXIS2_PLACEMENT_3D('',#2124,#2125,#2126);
#2124 = CARTESIAN_POINT('',(0.15,5.E-03,-0.5));
#2125 = DIRECTION('',(-1.214080557731E-16,1.,0.));
#2126 = DIRECTION('',(-1.,-1.214080557731E-16,0.));
#2127 = ADVANCED_FACE('',(#2128),#2139,.F.);
#2128 = FACE_BOUND('',#2129,.T.);
#2129 = EDGE_LOOP('',(#2130,#2131,#2132,#2138));
#2130 = ORIENTED_EDGE('',*,*,#1870,.F.);
#2131 = ORIENTED_EDGE('',*,*,#1773,.T.);
#2132 = ORIENTED_EDGE('',*,*,#2133,.F.);
#2133 = EDGE_CURVE('',#1683,#1765,#2134,.T.);
#2134 = LINE('',#2135,#2136);
#2135 = CARTESIAN_POINT('',(0.15,0.295,-1.5E-02));
#2136 = VECTOR('',#2137,1.);
#2137 = DIRECTION('',(-1.,-1.807003620809E-16,-0.));
#2138 = ORIENTED_EDGE('',*,*,#1682,.T.);
#2139 = PLANE('',#2140);
#2140 = AXIS2_PLACEMENT_3D('',#2141,#2142,#2143);
#2141 = CARTESIAN_POINT('',(0.15,0.295,-0.5));
#2142 = DIRECTION('',(1.807003620809E-16,-1.,0.));
#2143 = DIRECTION('',(1.,1.807003620809E-16,0.));
#2144 = ADVANCED_FACE('',(#2145),#2151,.T.);
#2145 = FACE_BOUND('',#2146,.T.);
#2146 = EDGE_LOOP('',(#2147,#2148,#2149,#2150));
#2147 = ORIENTED_EDGE('',*,*,#1764,.T.);
#2148 = ORIENTED_EDGE('',*,*,#2087,.T.);
#2149 = ORIENTED_EDGE('',*,*,#1690,.T.);
#2150 = ORIENTED_EDGE('',*,*,#2133,.T.);
#2151 = CYLINDRICAL_SURFACE('',#2152,1.E-02);
#2152 = AXIS2_PLACEMENT_3D('',#2153,#2154,#2155);
#2153 = CARTESIAN_POINT('',(0.15,0.285,-1.5E-02));
#2154 = DIRECTION('',(-1.,-1.807003620809E-16,1.807003620809E-16));
#2155 = DIRECTION('',(1.807003620809E-16,3.265262085617E-32,1.));
#2156 = ADVANCED_FACE('',(#2157),#2182,.F.);
#2157 = FACE_BOUND('',#2158,.T.);
#2158 = EDGE_LOOP('',(#2159,#2167,#2168,#2176));
#2159 = ORIENTED_EDGE('',*,*,#2160,.F.);
#2160 = EDGE_CURVE('',#1794,#2161,#2163,.T.);
#2161 = VERTEX_POINT('',#2162);
#2162 = CARTESIAN_POINT('',(1.E-02,1.E-02,0.));
#2163 = LINE('',#2164,#2165);
#2164 = CARTESIAN_POINT('',(0.,1.E-02,0.));
#2165 = VECTOR('',#2166,1.);
#2166 = DIRECTION('',(-1.,0.,-0.));
#2167 = ORIENTED_EDGE('',*,*,#1853,.T.);
#2168 = ORIENTED_EDGE('',*,*,#2169,.F.);
#2169 = EDGE_CURVE('',#2170,#1845,#2172,.T.);
#2170 = VERTEX_POINT('',#2171);
#2171 = CARTESIAN_POINT('',(1.E-02,0.29,-6.776263578034E-18));
#2172 = LINE('',#2173,#2174);
#2173 = CARTESIAN_POINT('',(0.,0.29,0.));
#2174 = VECTOR('',#2175,1.);
#2175 = DIRECTION('',(1.,-0.,0.));
#2176 = ORIENTED_EDGE('',*,*,#2177,.F.);
#2177 = EDGE_CURVE('',#2161,#2170,#2178,.T.);
#2178 = LINE('',#2179,#2180);
#2179 = CARTESIAN_POINT('',(1.E-02,0.3,0.));
#2180 = VECTOR('',#2181,1.);
#2181 = DIRECTION('',(0.,1.,0.));
#2182 = PLANE('',#2183);
#2183 = AXIS2_PLACEMENT_3D('',#2184,#2185,#2186);
#2184 = CARTESIAN_POINT('',(0.,0.3,0.));
#2185 = DIRECTION('',(0.,0.,-1.));
#2186 = DIRECTION('',(-1.,0.,-0.));
#2187 = ADVANCED_FACE('',(#2188),#2207,.T.);
#2188 = FACE_BOUND('',#2189,.T.);
#2189 = EDGE_LOOP('',(#2190,#2191,#2192,#2201));
#2190 = ORIENTED_EDGE('',*,*,#1791,.T.);
#2191 = ORIENTED_EDGE('',*,*,#2160,.T.);
#2192 = ORIENTED_EDGE('',*,*,#2193,.T.);
#2193 = EDGE_CURVE('',#2161,#2194,#2196,.T.);
#2194 = VERTEX_POINT('',#2195);
#2195 = CARTESIAN_POINT('',(1.E-02,1.185846126156E-17,-1.E-02));
#2196 = CIRCLE('',#2197,1.E-02);
#2197 = AXIS2_PLACEMENT_3D('',#2198,#2199,#2200);
#2198 = CARTESIAN_POINT('',(1.E-02,1.E-02,-1.E-02));
#2199 = DIRECTION('',(1.,0.,-0.));
#2200 = DIRECTION('',(0.,0.,1.));
#2201 = ORIENTED_EDGE('',*,*,#2202,.T.);
#2202 = EDGE_CURVE('',#2194,#1792,#2203,.T.);
#2203 = LINE('',#2204,#2205);
#2204 = CARTESIAN_POINT('',(0.,2.541098841763E-17,-1.E-02));
#2205 = VECTOR('',#2206,1.);
#2206 = DIRECTION('',(1.,-0.,-0.));
#2207 = CYLINDRICAL_SURFACE('',#2208,1.E-02);
#2208 = AXIS2_PLACEMENT_3D('',#2209,#2210,#2211);
#2209 = CARTESIAN_POINT('',(0.,1.E-02,-1.E-02));
#2210 = DIRECTION('',(-1.,0.,0.));
#2211 = DIRECTION('',(0.,0.,1.));
#2212 = ADVANCED_FACE('',(#2213),#2231,.T.);
#2213 = FACE_BOUND('',#2214,.T.);
#2214 = EDGE_LOOP('',(#2215,#2223,#2229,#2230));
#2215 = ORIENTED_EDGE('',*,*,#2216,.T.);
#2216 = EDGE_CURVE('',#2194,#2217,#2219,.T.);
#2217 = VERTEX_POINT('',#2218);
#2218 = CARTESIAN_POINT('',(1.E-02,6.352747104407E-18,-0.29));
#2219 = LINE('',#2220,#2221);
#2220 = CARTESIAN_POINT('',(1.E-02,0.,-0.3));
#2221 = VECTOR('',#2222,1.);
#2222 = DIRECTION('',(0.,-0.,-1.));
#2223 = ORIENTED_EDGE('',*,*,#2224,.T.);
#2224 = EDGE_CURVE('',#2217,#1803,#2225,.T.);
#2225 = LINE('',#2226,#2227);
#2226 = CARTESIAN_POINT('',(0.,0.,-0.29));
#2227 = VECTOR('',#2228,1.);
#2228 = DIRECTION('',(1.,0.,0.));
#2229 = ORIENTED_EDGE('',*,*,#1802,.T.);
#2230 = ORIENTED_EDGE('',*,*,#2202,.F.);
#2231 = PLANE('',#2232);
#2232 = AXIS2_PLACEMENT_3D('',#2233,#2234,#2235);
#2233 = CARTESIAN_POINT('',(0.,0.,-0.3));
#2234 = DIRECTION('',(0.,-1.,0.));
#2235 = DIRECTION('',(0.,-0.,-1.));
#2236 = ADVANCED_FACE('',(#2237),#2256,.T.);
#2237 = FACE_BOUND('',#2238,.T.);
#2238 = EDGE_LOOP('',(#2239,#2248,#2254,#2255));
#2239 = ORIENTED_EDGE('',*,*,#2240,.T.);
#2240 = EDGE_CURVE('',#2217,#2241,#2243,.T.);
#2241 = VERTEX_POINT('',#2242);
#2242 = CARTESIAN_POINT('',(1.E-02,1.E-02,-0.3));
#2243 = CIRCLE('',#2244,1.E-02);
#2244 = AXIS2_PLACEMENT_3D('',#2245,#2246,#2247);
#2245 = CARTESIAN_POINT('',(1.E-02,1.E-02,-0.29));
#2246 = DIRECTION('',(1.,0.,-9.035018104046E-17));
#2247 = DIRECTION('',(-9.035018104046E-17,0.,-1.));
#2248 = ORIENTED_EDGE('',*,*,#2249,.T.);
#2249 = EDGE_CURVE('',#2241,#1811,#2250,.T.);
#2250 = LINE('',#2251,#2252);
#2251 = CARTESIAN_POINT('',(-2.44502824971E-33,1.E-02,-0.3));
#2252 = VECTOR('',#2253,1.);
#2253 = DIRECTION('',(1.,0.,-9.035018104046E-17));
#2254 = ORIENTED_EDGE('',*,*,#1810,.T.);
#2255 = ORIENTED_EDGE('',*,*,#2224,.F.);
#2256 = CYLINDRICAL_SURFACE('',#2257,1.E-02);
#2257 = AXIS2_PLACEMENT_3D('',#2258,#2259,#2260);
#2258 = CARTESIAN_POINT('',(9.035018104046E-19,1.E-02,-0.29));
#2259 = DIRECTION('',(1.,0.,-9.035018104046E-17));
#2260 = DIRECTION('',(-9.035018104046E-17,0.,-1.));
#2261 = ADVANCED_FACE('',(#2262),#2280,.F.);
#2262 = FACE_BOUND('',#2263,.T.);
#2263 = EDGE_LOOP('',(#2264,#2265,#2273,#2279));
#2264 = ORIENTED_EDGE('',*,*,#2249,.F.);
#2265 = ORIENTED_EDGE('',*,*,#2266,.F.);
#2266 = EDGE_CURVE('',#2267,#2241,#2269,.T.);
#2267 = VERTEX_POINT('',#2268);
#2268 = CARTESIAN_POINT('',(1.E-02,0.29,-0.3));
#2269 = LINE('',#2270,#2271);
#2270 = CARTESIAN_POINT('',(1.E-02,0.3,-0.3));
#2271 = VECTOR('',#2272,1.);
#2272 = DIRECTION('',(-0.,-1.,-0.));
#2273 = ORIENTED_EDGE('',*,*,#2274,.F.);
#2274 = EDGE_CURVE('',#1820,#2267,#2275,.T.);
#2275 = LINE('',#2276,#2277);
#2276 = CARTESIAN_POINT('',(0.,0.29,-0.3));
#2277 = VECTOR('',#2278,1.);
#2278 = DIRECTION('',(-1.,-0.,9.035018104046E-17));
#2279 = ORIENTED_EDGE('',*,*,#1819,.T.);
#2280 = PLANE('',#2281);
#2281 = AXIS2_PLACEMENT_3D('',#2282,#2283,#2284);
#2282 = CARTESIAN_POINT('',(0.,0.3,-0.3));
#2283 = DIRECTION('',(9.035018104046E-17,-0.,1.));
#2284 = DIRECTION('',(1.,0.,-9.035018104046E-17));
#2285 = ADVANCED_FACE('',(#2286),#2305,.T.);
#2286 = FACE_BOUND('',#2287,.T.);
#2287 = EDGE_LOOP('',(#2288,#2289,#2290,#2299));
#2288 = ORIENTED_EDGE('',*,*,#1827,.T.);
#2289 = ORIENTED_EDGE('',*,*,#2274,.T.);
#2290 = ORIENTED_EDGE('',*,*,#2291,.T.);
#2291 = EDGE_CURVE('',#2267,#2292,#2294,.T.);
#2292 = VERTEX_POINT('',#2293);
#2293 = CARTESIAN_POINT('',(1.E-02,0.3,-0.29));
#2294 = CIRCLE('',#2295,1.E-02);
#2295 = AXIS2_PLACEMENT_3D('',#2296,#2297,#2298);
#2296 = CARTESIAN_POINT('',(1.E-02,0.29,-0.29));
#2297 = DIRECTION('',(1.,0.,-9.035018104046E-17));
#2298 = DIRECTION('',(9.035018104046E-17,0.,1.));
#2299 = ORIENTED_EDGE('',*,*,#2300,.T.);
#2300 = EDGE_CURVE('',#2292,#1828,#2301,.T.);
#2301 = LINE('',#2302,#2303);
#2302 = CARTESIAN_POINT('',(9.035018104046E-19,0.3,-0.29));
#2303 = VECTOR('',#2304,1.);
#2304 = DIRECTION('',(1.,-0.,-9.035018104046E-17));
#2305 = CYLINDRICAL_SURFACE('',#2306,1.E-02);
#2306 = AXIS2_PLACEMENT_3D('',#2307,#2308,#2309);
#2307 = CARTESIAN_POINT('',(9.035018104046E-19,0.29,-0.29));
#2308 = DIRECTION('',(-1.,0.,9.035018104046E-17));
#2309 = DIRECTION('',(9.035018104046E-17,0.,1.));
#2310 = ADVANCED_FACE('',(#2311),#2329,.F.);
#2311 = FACE_BOUND('',#2312,.T.);
#2312 = EDGE_LOOP('',(#2313,#2314,#2322,#2328));
#2313 = ORIENTED_EDGE('',*,*,#2300,.F.);
#2314 = ORIENTED_EDGE('',*,*,#2315,.F.);
#2315 = EDGE_CURVE('',#2316,#2292,#2318,.T.);
#2316 = VERTEX_POINT('',#2317);
#2317 = CARTESIAN_POINT('',(1.E-02,0.3,-1.E-02));
#2318 = LINE('',#2319,#2320);
#2319 = CARTESIAN_POINT('',(1.E-02,0.3,-0.3));
#2320 = VECTOR('',#2321,1.);
#2321 = DIRECTION('',(0.,-0.,-1.));
#2322 = ORIENTED_EDGE('',*,*,#2323,.F.);
#2323 = EDGE_CURVE('',#1837,#2316,#2324,.T.);
#2324 = LINE('',#2325,#2326);
#2325 = CARTESIAN_POINT('',(0.,0.3,-1.E-02));
#2326 = VECTOR('',#2327,1.);
#2327 = DIRECTION('',(-1.,-0.,-0.));
#2328 = ORIENTED_EDGE('',*,*,#1836,.T.);
#2329 = PLANE('',#2330);
#2330 = AXIS2_PLACEMENT_3D('',#2331,#2332,#2333);
#2331 = CARTESIAN_POINT('',(0.,0.3,-0.3));
#2332 = DIRECTION('',(0.,-1.,0.));
#2333 = DIRECTION('',(0.,-0.,-1.));
#2334 = ADVANCED_FACE('',(#2335),#2347,.T.);
#2335 = FACE_BOUND('',#2336,.T.);
#2336 = EDGE_LOOP('',(#2337,#2344,#2345,#2346));
#2337 = ORIENTED_EDGE('',*,*,#2338,.T.);
#2338 = EDGE_CURVE('',#2316,#2170,#2339,.T.);
#2339 = CIRCLE('',#2340,1.E-02);
#2340 = AXIS2_PLACEMENT_3D('',#2341,#2342,#2343);
#2341 = CARTESIAN_POINT('',(1.E-02,0.29,-1.E-02));
#2342 = DIRECTION('',(1.,0.,0.));
#2343 = DIRECTION('',(0.,0.,-1.));
#2344 = ORIENTED_EDGE('',*,*,#2169,.T.);
#2345 = ORIENTED_EDGE('',*,*,#1844,.T.);
#2346 = ORIENTED_EDGE('',*,*,#2323,.T.);
#2347 = CYLINDRICAL_SURFACE('',#2348,1.E-02);
#2348 = AXIS2_PLACEMENT_3D('',#2349,#2350,#2351);
#2349 = CARTESIAN_POINT('',(0.,0.29,-1.E-02));
#2350 = DIRECTION('',(1.,0.,0.));
#2351 = DIRECTION('',(0.,0.,-1.));
#2352 = ADVANCED_FACE('',(#2353),#2380,.T.);
#2353 = FACE_BOUND('',#2354,.T.);
#2354 = EDGE_LOOP('',(#2355,#2364,#2365,#2374));
#2355 = ORIENTED_EDGE('',*,*,#2356,.T.);
#2356 = EDGE_CURVE('',#2357,#1894,#2359,.T.);
#2357 = VERTEX_POINT('',#2358);
#2358 = CARTESIAN_POINT('',(0.6,1.E-02,-1.E-02));
#2359 = CIRCLE('',#2360,1.E-02);
#2360 = AXIS2_PLACEMENT_3D('',#2361,#2362,#2363);
#2361 = CARTESIAN_POINT('',(0.59,1.E-02,-1.E-02));
#2362 = DIRECTION('',(3.614007241618E-16,0.,-1.));
#2363 = DIRECTION('',(1.,0.,3.614007241618E-16));
#2364 = ORIENTED_EDGE('',*,*,#1893,.F.);
#2365 = ORIENTED_EDGE('',*,*,#2366,.T.);
#2366 = EDGE_CURVE('',#1886,#2367,#2369,.T.);
#2367 = VERTEX_POINT('',#2368);
#2368 = CARTESIAN_POINT('',(0.6,1.E-02,-0.29));
#2369 = CIRCLE('',#2370,1.E-02);
#2370 = AXIS2_PLACEMENT_3D('',#2371,#2372,#2373);
#2371 = CARTESIAN_POINT('',(0.59,1.E-02,-0.29));
#2372 = DIRECTION('',(-3.614007241618E-16,0.,1.));
#2373 = DIRECTION('',(1.,0.,3.614007241618E-16));
#2374 = ORIENTED_EDGE('',*,*,#2375,.T.);
#2375 = EDGE_CURVE('',#2367,#2357,#2376,.T.);
#2376 = LINE('',#2377,#2378);
#2377 = CARTESIAN_POINT('',(0.6,1.E-02,9.780112998841E-33));
#2378 = VECTOR('',#2379,1.);
#2379 = DIRECTION('',(-3.614007241618E-16,0.,1.));
#2380 = CYLINDRICAL_SURFACE('',#2381,1.E-02);
#2381 = AXIS2_PLACEMENT_3D('',#2382,#2383,#2384);
#2382 = CARTESIAN_POINT('',(0.59,1.E-02,-3.614007241618E-18));
#2383 = DIRECTION('',(-3.614007241618E-16,0.,1.));
#2384 = DIRECTION('',(1.,0.,3.614007241618E-16));
#2385 = ADVANCED_FACE('',(#2386),#2397,.T.);
#2386 = FACE_BOUND('',#2387,.T.);
#2387 = EDGE_LOOP('',(#2388,#2395,#2396));
#2388 = ORIENTED_EDGE('',*,*,#2389,.T.);
#2389 = EDGE_CURVE('',#2357,#1916,#2390,.T.);
#2390 = CIRCLE('',#2391,1.E-02);
#2391 = AXIS2_PLACEMENT_3D('',#2392,#2393,#2394);
#2392 = CARTESIAN_POINT('',(0.59,1.E-02,-1.E-02));
#2393 = DIRECTION('',(0.,-1.,3.145376252538E-13));
#2394 = DIRECTION('',(1.,0.,0.));
#2395 = ORIENTED_EDGE('',*,*,#1915,.F.);
#2396 = ORIENTED_EDGE('',*,*,#2356,.F.);
#2397 = ( BOUNDED_SURFACE() B_SPLINE_SURFACE(3,3,(
    (#2398,#2399,#2400,#2401)
    ,(#2402,#2403,#2404,#2405)
    ,(#2406,#2407,#2408,#2409)
    ,(#2410,#2411,#2412,#2413
)),.UNSPECIFIED.,.F.,.F.,.F.) B_SPLINE_SURFACE_WITH_KNOTS((4,4),(4,4),(
    0.,1.),(0.,1.),.PIECEWISE_BEZIER_KNOTS.) 
GEOMETRIC_REPRESENTATION_ITEM() RATIONAL_B_SPLINE_SURFACE((
    (1.,0.804737854124,0.804737854124,1.)
    ,(0.804737854124,0.647603013861,0.647603013861,0.804737854124)
    ,(0.804737854124,0.647603013861,0.647603013861,0.804737854124)
,(1.,0.804737854124,0.804737854124,1.
))) REPRESENTATION_ITEM('') SURFACE() );
#2398 = CARTESIAN_POINT('',(0.6,1.E-02,-1.E-02));
#2399 = CARTESIAN_POINT('',(0.6,1.E-02,-1.E-02));
#2400 = CARTESIAN_POINT('',(0.6,1.E-02,-1.E-02));
#2401 = CARTESIAN_POINT('',(0.6,1.E-02,-1.E-02));
#2402 = CARTESIAN_POINT('',(0.6,1.E-02,-4.142135623731E-03));
#2403 = CARTESIAN_POINT('',(0.6,6.568542494925E-03,-4.14213562373E-03));
#2404 = CARTESIAN_POINT('',(0.6,4.142135623731E-03,-6.568542494923E-03)
  );
#2405 = CARTESIAN_POINT('',(0.6,4.142135623731E-03,-1.E-02));
#2406 = CARTESIAN_POINT('',(0.595857864376,1.E-02,-2.05275663742E-18));
#2407 = CARTESIAN_POINT('',(0.595857864376,4.142135623733E-03,
    1.841753657048E-15));
#2408 = CARTESIAN_POINT('',(0.595857864376,-1.377105729003E-17,
    -4.14213562373E-03));
#2409 = CARTESIAN_POINT('',(0.595857864376,2.106715917164E-18,-1.E-02));
#2410 = CARTESIAN_POINT('',(0.59,1.E-02,-1.694065894509E-18));
#2411 = CARTESIAN_POINT('',(0.59,4.142135623733E-03,1.842112347791E-15)
  );
#2412 = CARTESIAN_POINT('',(0.59,-1.412974803294E-17,-4.14213562373E-03)
  );
#2413 = CARTESIAN_POINT('',(0.59,1.748025174253E-18,-1.E-02));
#2414 = ADVANCED_FACE('',(#2415),#2434,.T.);
#2415 = FACE_BOUND('',#2416,.T.);
#2416 = EDGE_LOOP('',(#2417,#2418,#2426,#2433));
#2417 = ORIENTED_EDGE('',*,*,#2389,.F.);
#2418 = ORIENTED_EDGE('',*,*,#2419,.T.);
#2419 = EDGE_CURVE('',#2357,#2420,#2422,.T.);
#2420 = VERTEX_POINT('',#2421);
#2421 = CARTESIAN_POINT('',(0.6,0.29,-1.E-02));
#2422 = LINE('',#2423,#2424);
#2423 = CARTESIAN_POINT('',(0.6,0.3,-1.E-02));
#2424 = VECTOR('',#2425,1.);
#2425 = DIRECTION('',(-0.,1.,-0.));
#2426 = ORIENTED_EDGE('',*,*,#2427,.T.);
#2427 = EDGE_CURVE('',#2420,#1942,#2428,.T.);
#2428 = CIRCLE('',#2429,1.E-02);
#2429 = AXIS2_PLACEMENT_3D('',#2430,#2431,#2432);
#2430 = CARTESIAN_POINT('',(0.59,0.29,-1.E-02));
#2431 = DIRECTION('',(0.,-1.,0.));
#2432 = DIRECTION('',(0.,0.,-1.));
#2433 = ORIENTED_EDGE('',*,*,#1941,.T.);
#2434 = CYLINDRICAL_SURFACE('',#2435,1.E-02);
#2435 = AXIS2_PLACEMENT_3D('',#2436,#2437,#2438);
#2436 = CARTESIAN_POINT('',(0.59,0.3,-1.E-02));
#2437 = DIRECTION('',(0.,-1.,0.));
#2438 = DIRECTION('',(0.,0.,-1.));
#2439 = ADVANCED_FACE('',(#2440),#2451,.T.);
#2440 = FACE_BOUND('',#2441,.T.);
#2441 = EDGE_LOOP('',(#2442,#2443,#2444));
#2442 = ORIENTED_EDGE('',*,*,#1964,.F.);
#2443 = ORIENTED_EDGE('',*,*,#2427,.F.);
#2444 = ORIENTED_EDGE('',*,*,#2445,.T.);
#2445 = EDGE_CURVE('',#2420,#1965,#2446,.T.);
#2446 = CIRCLE('',#2447,1.E-02);
#2447 = AXIS2_PLACEMENT_3D('',#2448,#2449,#2450);
#2448 = CARTESIAN_POINT('',(0.59,0.29,-1.E-02));
#2449 = DIRECTION('',(0.,-4.190519799087E-14,1.));
#2450 = DIRECTION('',(1.,0.,0.));
#2451 = ( BOUNDED_SURFACE() B_SPLINE_SURFACE(3,3,(
    (#2452,#2453,#2454,#2455)
    ,(#2456,#2457,#2458,#2459)
    ,(#2460,#2461,#2462,#2463)
    ,(#2464,#2465,#2466,#2467
)),.UNSPECIFIED.,.F.,.F.,.F.) B_SPLINE_SURFACE_WITH_KNOTS((4,4),(4,4),(
    0.,1.),(0.,1.),.PIECEWISE_BEZIER_KNOTS.) 
GEOMETRIC_REPRESENTATION_ITEM() RATIONAL_B_SPLINE_SURFACE((
    (1.,0.804737854124,0.804737854124,1.)
    ,(0.804737854124,0.647603013861,0.647603013861,0.804737854124)
    ,(0.804737854124,0.647603013861,0.647603013861,0.804737854124)
,(1.,0.804737854124,0.804737854124,1.
))) REPRESENTATION_ITEM('') SURFACE() );
#2452 = CARTESIAN_POINT('',(0.6,0.29,-1.E-02));
#2453 = CARTESIAN_POINT('',(0.6,0.29,-1.E-02));
#2454 = CARTESIAN_POINT('',(0.6,0.29,-1.E-02));
#2455 = CARTESIAN_POINT('',(0.6,0.29,-1.E-02));
#2456 = CARTESIAN_POINT('',(0.6,0.295857864376,-1.E-02));
#2457 = CARTESIAN_POINT('',(0.6,0.295857864376,-6.568542494924E-03));
#2458 = CARTESIAN_POINT('',(0.6,0.293431457505,-4.142135623731E-03));
#2459 = CARTESIAN_POINT('',(0.6,0.29,-4.142135623731E-03));
#2460 = CARTESIAN_POINT('',(0.595857864376,0.3,-1.E-02));
#2461 = CARTESIAN_POINT('',(0.595857864376,0.3,-4.142135623731E-03));
#2462 = CARTESIAN_POINT('',(0.595857864376,0.295857864376,
    -2.245456220989E-17));
#2463 = CARTESIAN_POINT('',(0.595857864376,0.29,-5.421010862428E-17));
#2464 = CARTESIAN_POINT('',(0.59,0.3,-1.E-02));
#2465 = CARTESIAN_POINT('',(0.59,0.3,-4.142135623731E-03));
#2466 = CARTESIAN_POINT('',(0.59,0.295857864376,-2.245456220989E-17));
#2467 = CARTESIAN_POINT('',(0.59,0.29,-5.421010862428E-17));
#2468 = ADVANCED_FACE('',(#2469),#2488,.T.);
#2469 = FACE_BOUND('',#2470,.T.);
#2470 = EDGE_LOOP('',(#2471,#2472,#2480,#2487));
#2471 = ORIENTED_EDGE('',*,*,#2445,.F.);
#2472 = ORIENTED_EDGE('',*,*,#2473,.T.);
#2473 = EDGE_CURVE('',#2420,#2474,#2476,.T.);
#2474 = VERTEX_POINT('',#2475);
#2475 = CARTESIAN_POINT('',(0.6,0.29,-0.29));
#2476 = LINE('',#2477,#2478);
#2477 = CARTESIAN_POINT('',(0.6,0.29,-0.3));
#2478 = VECTOR('',#2479,1.);
#2479 = DIRECTION('',(3.614007241618E-16,0.,-1.));
#2480 = ORIENTED_EDGE('',*,*,#2481,.T.);
#2481 = EDGE_CURVE('',#2474,#1990,#2482,.T.);
#2482 = CIRCLE('',#2483,1.E-02);
#2483 = AXIS2_PLACEMENT_3D('',#2484,#2485,#2486);
#2484 = CARTESIAN_POINT('',(0.59,0.29,-0.29));
#2485 = DIRECTION('',(-3.614007241618E-16,-0.,1.));
#2486 = DIRECTION('',(-1.,0.,-3.614007241618E-16));
#2487 = ORIENTED_EDGE('',*,*,#1999,.T.);
#2488 = CYLINDRICAL_SURFACE('',#2489,1.E-02);
#2489 = AXIS2_PLACEMENT_3D('',#2490,#2491,#2492);
#2490 = CARTESIAN_POINT('',(0.59,0.29,-0.3));
#2491 = DIRECTION('',(3.614007241618E-16,0.,-1.));
#2492 = DIRECTION('',(-1.,0.,-3.614007241618E-16));
#2493 = ADVANCED_FACE('',(#2494),#2505,.T.);
#2494 = FACE_BOUND('',#2495,.T.);
#2495 = EDGE_LOOP('',(#2496,#2497,#2498));
#2496 = ORIENTED_EDGE('',*,*,#2015,.F.);
#2497 = ORIENTED_EDGE('',*,*,#2481,.F.);
#2498 = ORIENTED_EDGE('',*,*,#2499,.T.);
#2499 = EDGE_CURVE('',#2474,#2016,#2500,.T.);
#2500 = CIRCLE('',#2501,1.E-02);
#2501 = AXIS2_PLACEMENT_3D('',#2502,#2503,#2504);
#2502 = CARTESIAN_POINT('',(0.59,0.29,-0.29));
#2503 = DIRECTION('',(-0.,1.,0.));
#2504 = DIRECTION('',(1.,0.,0.));
#2505 = ( BOUNDED_SURFACE() B_SPLINE_SURFACE(3,3,(
    (#2506,#2507,#2508,#2509)
    ,(#2510,#2511,#2512,#2513)
    ,(#2514,#2515,#2516,#2517)
    ,(#2518,#2519,#2520,#2521
)),.UNSPECIFIED.,.F.,.F.,.F.) B_SPLINE_SURFACE_WITH_KNOTS((4,4),(4,4),(
    0.,1.),(0.,1.),.PIECEWISE_BEZIER_KNOTS.) 
GEOMETRIC_REPRESENTATION_ITEM() RATIONAL_B_SPLINE_SURFACE((
    (1.,0.804737854124,0.804737854124,1.)
    ,(0.804737854124,0.647603013861,0.647603013861,0.804737854124)
    ,(0.804737854124,0.647603013861,0.647603013861,0.804737854124)
,(1.,0.804737854124,0.804737854124,1.
))) REPRESENTATION_ITEM('') SURFACE() );
#2506 = CARTESIAN_POINT('',(0.6,0.29,-0.29));
#2507 = CARTESIAN_POINT('',(0.6,0.29,-0.29));
#2508 = CARTESIAN_POINT('',(0.6,0.29,-0.29));
#2509 = CARTESIAN_POINT('',(0.6,0.29,-0.29));
#2510 = CARTESIAN_POINT('',(0.6,0.29,-0.295857864376));
#2511 = CARTESIAN_POINT('',(0.6,0.293431457505,-0.295857864376));
#2512 = CARTESIAN_POINT('',(0.6,0.295857864376,-0.293431457505));
#2513 = CARTESIAN_POINT('',(0.6,0.295857864376,-0.29));
#2514 = CARTESIAN_POINT('',(0.595857864376,0.29,-0.3));
#2515 = CARTESIAN_POINT('',(0.595857864376,0.295857864376,-0.3));
#2516 = CARTESIAN_POINT('',(0.595857864376,0.3,-0.295857864376));
#2517 = CARTESIAN_POINT('',(0.595857864376,0.3,-0.29));
#2518 = CARTESIAN_POINT('',(0.59,0.29,-0.3));
#2519 = CARTESIAN_POINT('',(0.59,0.295857864376,-0.3));
#2520 = CARTESIAN_POINT('',(0.59,0.3,-0.295857864376));
#2521 = CARTESIAN_POINT('',(0.59,0.3,-0.29));
#2522 = ADVANCED_FACE('',(#2523),#2540,.T.);
#2523 = FACE_BOUND('',#2524,.T.);
#2524 = EDGE_LOOP('',(#2525,#2532,#2533,#2534));
#2525 = ORIENTED_EDGE('',*,*,#2526,.T.);
#2526 = EDGE_CURVE('',#2367,#2039,#2527,.T.);
#2527 = CIRCLE('',#2528,1.E-02);
#2528 = AXIS2_PLACEMENT_3D('',#2529,#2530,#2531);
#2529 = CARTESIAN_POINT('',(0.59,1.E-02,-0.29));
#2530 = DIRECTION('',(-0.,1.,0.));
#2531 = DIRECTION('',(0.,0.,-1.));
#2532 = ORIENTED_EDGE('',*,*,#2048,.T.);
#2533 = ORIENTED_EDGE('',*,*,#2499,.F.);
#2534 = ORIENTED_EDGE('',*,*,#2535,.T.);
#2535 = EDGE_CURVE('',#2474,#2367,#2536,.T.);
#2536 = LINE('',#2537,#2538);
#2537 = CARTESIAN_POINT('',(0.6,0.3,-0.29));
#2538 = VECTOR('',#2539,1.);
#2539 = DIRECTION('',(0.,-1.,0.));
#2540 = CYLINDRICAL_SURFACE('',#2541,1.E-02);
#2541 = AXIS2_PLACEMENT_3D('',#2542,#2543,#2544);
#2542 = CARTESIAN_POINT('',(0.59,0.3,-0.29));
#2543 = DIRECTION('',(0.,-1.,0.));
#2544 = DIRECTION('',(0.,0.,-1.));
#2545 = ADVANCED_FACE('',(#2546),#2551,.T.);
#2546 = FACE_BOUND('',#2547,.T.);
#2547 = EDGE_LOOP('',(#2548,#2549,#2550));
#2548 = ORIENTED_EDGE('',*,*,#2526,.F.);
#2549 = ORIENTED_EDGE('',*,*,#2366,.F.);
#2550 = ORIENTED_EDGE('',*,*,#2062,.F.);
#2551 = ( BOUNDED_SURFACE() B_SPLINE_SURFACE(3,3,(
    (#2552,#2553,#2554,#2555)
    ,(#2556,#2557,#2558,#2559)
    ,(#2560,#2561,#2562,#2563)
    ,(#2564,#2565,#2566,#2567
)),.UNSPECIFIED.,.F.,.F.,.F.) B_SPLINE_SURFACE_WITH_KNOTS((4,4),(4,4),(
    0.,1.),(0.,1.),.PIECEWISE_BEZIER_KNOTS.) 
GEOMETRIC_REPRESENTATION_ITEM() RATIONAL_B_SPLINE_SURFACE((
    (1.,0.804737854124,0.804737854124,1.)
    ,(0.804737854124,0.647603013861,0.647603013861,0.804737854124)
    ,(0.804737854124,0.647603013861,0.647603013861,0.804737854124)
,(1.,0.804737854124,0.804737854124,1.
))) REPRESENTATION_ITEM('') SURFACE() );
#2552 = CARTESIAN_POINT('',(0.6,1.E-02,-0.29));
#2553 = CARTESIAN_POINT('',(0.6,1.E-02,-0.29));
#2554 = CARTESIAN_POINT('',(0.6,1.E-02,-0.29));
#2555 = CARTESIAN_POINT('',(0.6,1.E-02,-0.29));
#2556 = CARTESIAN_POINT('',(0.6,4.142135623731E-03,-0.29));
#2557 = CARTESIAN_POINT('',(0.6,4.142135623731E-03,-0.293431457505));
#2558 = CARTESIAN_POINT('',(0.6,6.568542494924E-03,-0.295857864376));
#2559 = CARTESIAN_POINT('',(0.6,1.E-02,-0.295857864376));
#2560 = CARTESIAN_POINT('',(0.595857864376,2.576967916054E-17,-0.29));
#2561 = CARTESIAN_POINT('',(0.595857864376,2.576967916054E-17,
    -0.295857864376));
#2562 = CARTESIAN_POINT('',(0.595857864376,4.142135623731E-03,-0.3));
#2563 = CARTESIAN_POINT('',(0.595857864376,1.E-02,-0.3));
#2564 = CARTESIAN_POINT('',(0.59,2.541098841763E-17,-0.29));
#2565 = CARTESIAN_POINT('',(0.59,2.541098841763E-17,-0.295857864376));
#2566 = CARTESIAN_POINT('',(0.59,4.142135623731E-03,-0.3));
#2567 = CARTESIAN_POINT('',(0.59,1.E-02,-0.3));
#2568 = ADVANCED_FACE('',(#2569),#2596,.T.);
#2569 = FACE_BOUND('',#2570,.T.);
#2570 = EDGE_LOOP('',(#2571,#2580,#2581,#2590));
#2571 = ORIENTED_EDGE('',*,*,#2572,.T.);
#2572 = EDGE_CURVE('',#2573,#2161,#2575,.T.);
#2573 = VERTEX_POINT('',#2574);
#2574 = CARTESIAN_POINT('',(0.,1.E-02,-1.E-02));
#2575 = CIRCLE('',#2576,1.E-02);
#2576 = AXIS2_PLACEMENT_3D('',#2577,#2578,#2579);
#2577 = CARTESIAN_POINT('',(1.E-02,1.E-02,-1.E-02));
#2578 = DIRECTION('',(-0.,1.,0.));
#2579 = DIRECTION('',(0.,0.,-1.));
#2580 = ORIENTED_EDGE('',*,*,#2177,.T.);
#2581 = ORIENTED_EDGE('',*,*,#2582,.T.);
#2582 = EDGE_CURVE('',#2170,#2583,#2585,.T.);
#2583 = VERTEX_POINT('',#2584);
#2584 = CARTESIAN_POINT('',(0.,0.29,-1.E-02));
#2585 = CIRCLE('',#2586,1.E-02);
#2586 = AXIS2_PLACEMENT_3D('',#2587,#2588,#2589);
#2587 = CARTESIAN_POINT('',(1.E-02,0.29,-1.E-02));
#2588 = DIRECTION('',(0.,-1.,0.));
#2589 = DIRECTION('',(0.,0.,-1.));
#2590 = ORIENTED_EDGE('',*,*,#2591,.T.);
#2591 = EDGE_CURVE('',#2583,#2573,#2592,.T.);
#2592 = LINE('',#2593,#2594);
#2593 = CARTESIAN_POINT('',(0.,0.3,-1.E-02));
#2594 = VECTOR('',#2595,1.);
#2595 = DIRECTION('',(0.,-1.,0.));
#2596 = CYLINDRICAL_SURFACE('',#2597,1.E-02);
#2597 = AXIS2_PLACEMENT_3D('',#2598,#2599,#2600);
#2598 = CARTESIAN_POINT('',(1.E-02,0.3,-1.E-02));
#2599 = DIRECTION('',(0.,-1.,0.));
#2600 = DIRECTION('',(0.,0.,-1.));
#2601 = ADVANCED_FACE('',(#2602),#2613,.T.);
#2602 = FACE_BOUND('',#2603,.T.);
#2603 = EDGE_LOOP('',(#2604,#2611,#2612));
#2604 = ORIENTED_EDGE('',*,*,#2605,.T.);
#2605 = EDGE_CURVE('',#2573,#2194,#2606,.T.);
#2606 = CIRCLE('',#2607,1.E-02);
#2607 = AXIS2_PLACEMENT_3D('',#2608,#2609,#2610);
#2608 = CARTESIAN_POINT('',(1.E-02,1.E-02,-1.E-02));
#2609 = DIRECTION('',(0.,-2.113258505293E-14,1.));
#2610 = DIRECTION('',(1.,0.,0.));
#2611 = ORIENTED_EDGE('',*,*,#2193,.F.);
#2612 = ORIENTED_EDGE('',*,*,#2572,.F.);
#2613 = ( BOUNDED_SURFACE() B_SPLINE_SURFACE(3,3,(
    (#2614,#2615,#2616,#2617)
    ,(#2618,#2619,#2620,#2621)
    ,(#2622,#2623,#2624,#2625)
    ,(#2626,#2627,#2628,#2629
)),.UNSPECIFIED.,.F.,.F.,.F.) B_SPLINE_SURFACE_WITH_KNOTS((4,4),(4,4),(
    0.,1.),(0.,1.),.PIECEWISE_BEZIER_KNOTS.) 
GEOMETRIC_REPRESENTATION_ITEM() RATIONAL_B_SPLINE_SURFACE((
    (1.,0.804737854124,0.804737854124,1.)
    ,(0.804737854124,0.647603013861,0.647603013861,0.804737854124)
    ,(0.804737854124,0.647603013861,0.647603013861,0.804737854124)
,(1.,0.804737854124,0.804737854124,1.
))) REPRESENTATION_ITEM('') SURFACE() );
#2614 = CARTESIAN_POINT('',(1.E-02,1.E-02,0.));
#2615 = CARTESIAN_POINT('',(1.E-02,4.142135623731E-03,2.778610311258E-17
    ));
#2616 = CARTESIAN_POINT('',(1.E-02,-1.225141447039E-16,
    -4.142135623731E-03));
#2617 = CARTESIAN_POINT('',(1.E-02,5.385976518434E-19,-1.E-02));
#2618 = CARTESIAN_POINT('',(4.142135623731E-03,1.E-02,3.586907429119E-19
    ));
#2619 = CARTESIAN_POINT('',(4.142135623731E-03,4.142135623731E-03,
    2.913715468095E-17));
#2620 = CARTESIAN_POINT('',(4.142135623731E-03,-1.218804746214E-16,
    -4.142135623731E-03));
#2621 = CARTESIAN_POINT('',(4.142135623731E-03,1.799069089315E-19,
    -1.E-02));
#2622 = CARTESIAN_POINT('',(2.411447380332E-18,1.E-02,
    -4.142135623731E-03));
#2623 = CARTESIAN_POINT('',(2.411447380332E-18,6.568542494924E-03,
    -4.142135623731E-03));
#2624 = CARTESIAN_POINT('',(2.411447380332E-18,4.142135623731E-03,
    -6.568542494924E-03));
#2625 = CARTESIAN_POINT('',(2.411447380332E-18,4.142135623731E-03,
    -1.E-02));
#2626 = CARTESIAN_POINT('',(1.694065894509E-18,1.E-02,-1.E-02));
#2627 = CARTESIAN_POINT('',(1.694065894509E-18,1.E-02,-1.E-02));
#2628 = CARTESIAN_POINT('',(1.694065894509E-18,1.E-02,-1.E-02));
#2629 = CARTESIAN_POINT('',(1.694065894509E-18,1.E-02,-1.E-02));
#2630 = ADVANCED_FACE('',(#2631),#2650,.T.);
#2631 = FACE_BOUND('',#2632,.T.);
#2632 = EDGE_LOOP('',(#2633,#2634,#2642,#2649));
#2633 = ORIENTED_EDGE('',*,*,#2605,.F.);
#2634 = ORIENTED_EDGE('',*,*,#2635,.T.);
#2635 = EDGE_CURVE('',#2573,#2636,#2638,.T.);
#2636 = VERTEX_POINT('',#2637);
#2637 = CARTESIAN_POINT('',(-6.352747104407E-18,1.E-02,-0.29));
#2638 = LINE('',#2639,#2640);
#2639 = CARTESIAN_POINT('',(0.,1.E-02,0.));
#2640 = VECTOR('',#2641,1.);
#2641 = DIRECTION('',(0.,0.,-1.));
#2642 = ORIENTED_EDGE('',*,*,#2643,.T.);
#2643 = EDGE_CURVE('',#2636,#2217,#2644,.T.);
#2644 = CIRCLE('',#2645,1.E-02);
#2645 = AXIS2_PLACEMENT_3D('',#2646,#2647,#2648);
#2646 = CARTESIAN_POINT('',(1.E-02,1.E-02,-0.29));
#2647 = DIRECTION('',(0.,-0.,1.));
#2648 = DIRECTION('',(-1.,0.,0.));
#2649 = ORIENTED_EDGE('',*,*,#2216,.F.);
#2650 = CYLINDRICAL_SURFACE('',#2651,1.E-02);
#2651 = AXIS2_PLACEMENT_3D('',#2652,#2653,#2654);
#2652 = CARTESIAN_POINT('',(1.E-02,1.E-02,0.));
#2653 = DIRECTION('',(0.,0.,-1.));
#2654 = DIRECTION('',(-1.,0.,0.));
#2655 = ADVANCED_FACE('',(#2656),#2667,.T.);
#2656 = FACE_BOUND('',#2657,.T.);
#2657 = EDGE_LOOP('',(#2658,#2659,#2660));
#2658 = ORIENTED_EDGE('',*,*,#2240,.F.);
#2659 = ORIENTED_EDGE('',*,*,#2643,.F.);
#2660 = ORIENTED_EDGE('',*,*,#2661,.T.);
#2661 = EDGE_CURVE('',#2636,#2241,#2662,.T.);
#2662 = CIRCLE('',#2663,1.E-02);
#2663 = AXIS2_PLACEMENT_3D('',#2664,#2665,#2666);
#2664 = CARTESIAN_POINT('',(1.E-02,1.E-02,-0.29));
#2665 = DIRECTION('',(-0.,-1.,0.));
#2666 = DIRECTION('',(1.,-0.,0.));
#2667 = ( BOUNDED_SURFACE() B_SPLINE_SURFACE(3,3,(
    (#2668,#2669,#2670,#2671)
    ,(#2672,#2673,#2674,#2675)
    ,(#2676,#2677,#2678,#2679)
    ,(#2680,#2681,#2682,#2683
)),.UNSPECIFIED.,.F.,.F.,.F.) B_SPLINE_SURFACE_WITH_KNOTS((4,4),(4,4),(
    0.,1.),(0.,1.),.PIECEWISE_BEZIER_KNOTS.) 
GEOMETRIC_REPRESENTATION_ITEM() RATIONAL_B_SPLINE_SURFACE((
    (1.,0.804737854124,0.804737854124,1.)
    ,(0.804737854124,0.647603013861,0.647603013861,0.804737854124)
    ,(0.804737854124,0.647603013861,0.647603013861,0.804737854124)
,(1.,0.804737854124,0.804737854124,1.
))) REPRESENTATION_ITEM('') SURFACE() );
#2668 = CARTESIAN_POINT('',(1.E-02,2.710505431214E-17,-0.29));
#2669 = CARTESIAN_POINT('',(1.E-02,2.710505431214E-17,-0.295857864376));
#2670 = CARTESIAN_POINT('',(1.E-02,4.142135623731E-03,-0.3));
#2671 = CARTESIAN_POINT('',(1.E-02,1.E-02,-0.3));
#2672 = CARTESIAN_POINT('',(4.142135623731E-03,2.544565638809E-17,-0.29)
  );
#2673 = CARTESIAN_POINT('',(4.142135623731E-03,2.544565638809E-17,
    -0.295857864376));
#2674 = CARTESIAN_POINT('',(4.142135623731E-03,4.142135623731E-03,-0.3)
  );
#2675 = CARTESIAN_POINT('',(4.142135623731E-03,1.E-02,-0.3));
#2676 = CARTESIAN_POINT('',(1.541851919166E-17,4.142135623731E-03,-0.29)
  );
#2677 = CARTESIAN_POINT('',(1.541851919166E-17,4.142135623731E-03,
    -0.293431457505));
#2678 = CARTESIAN_POINT('',(1.541851919166E-17,6.568542494924E-03,
    -0.295857864376));
#2679 = CARTESIAN_POINT('',(1.541851919166E-17,1.E-02,-0.295857864376));
#2680 = CARTESIAN_POINT('',(1.694065894509E-18,1.E-02,-0.29));
#2681 = CARTESIAN_POINT('',(1.694065894509E-18,1.E-02,-0.29));
#2682 = CARTESIAN_POINT('',(1.694065894509E-18,1.E-02,-0.29));
#2683 = CARTESIAN_POINT('',(1.694065894509E-18,1.E-02,-0.29));
#2684 = ADVANCED_FACE('',(#2685),#2704,.T.);
#2685 = FACE_BOUND('',#2686,.T.);
#2686 = EDGE_LOOP('',(#2687,#2688,#2696,#2703));
#2687 = ORIENTED_EDGE('',*,*,#2661,.F.);
#2688 = ORIENTED_EDGE('',*,*,#2689,.T.);
#2689 = EDGE_CURVE('',#2636,#2690,#2692,.T.);
#2690 = VERTEX_POINT('',#2691);
#2691 = CARTESIAN_POINT('',(-1.270549420881E-17,0.29,-0.29));
#2692 = LINE('',#2693,#2694);
#2693 = CARTESIAN_POINT('',(-2.541098841763E-17,0.3,-0.29));
#2694 = VECTOR('',#2695,1.);
#2695 = DIRECTION('',(-0.,1.,-0.));
#2696 = ORIENTED_EDGE('',*,*,#2697,.T.);
#2697 = EDGE_CURVE('',#2690,#2267,#2698,.T.);
#2698 = CIRCLE('',#2699,1.E-02);
#2699 = AXIS2_PLACEMENT_3D('',#2700,#2701,#2702);
#2700 = CARTESIAN_POINT('',(1.E-02,0.29,-0.29));
#2701 = DIRECTION('',(0.,-1.,0.));
#2702 = DIRECTION('',(0.,0.,-1.));
#2703 = ORIENTED_EDGE('',*,*,#2266,.T.);
#2704 = CYLINDRICAL_SURFACE('',#2705,1.E-02);
#2705 = AXIS2_PLACEMENT_3D('',#2706,#2707,#2708);
#2706 = CARTESIAN_POINT('',(1.E-02,0.3,-0.29));
#2707 = DIRECTION('',(0.,-1.,0.));
#2708 = DIRECTION('',(0.,0.,-1.));
#2709 = ADVANCED_FACE('',(#2710),#2721,.T.);
#2710 = FACE_BOUND('',#2711,.T.);
#2711 = EDGE_LOOP('',(#2712,#2713,#2714));
#2712 = ORIENTED_EDGE('',*,*,#2291,.F.);
#2713 = ORIENTED_EDGE('',*,*,#2697,.F.);
#2714 = ORIENTED_EDGE('',*,*,#2715,.T.);
#2715 = EDGE_CURVE('',#2690,#2292,#2716,.T.);
#2716 = CIRCLE('',#2717,1.E-02);
#2717 = AXIS2_PLACEMENT_3D('',#2718,#2719,#2720);
#2718 = CARTESIAN_POINT('',(1.E-02,0.29,-0.29));
#2719 = DIRECTION('',(0.,-6.123233995737E-17,-1.));
#2720 = DIRECTION('',(1.,-0.,0.));
#2721 = ( BOUNDED_SURFACE() B_SPLINE_SURFACE(3,3,(
    (#2722,#2723,#2724,#2725)
    ,(#2726,#2727,#2728,#2729)
    ,(#2730,#2731,#2732,#2733)
    ,(#2734,#2735,#2736,#2737
)),.UNSPECIFIED.,.F.,.F.,.F.) B_SPLINE_SURFACE_WITH_KNOTS((4,4),(4,4),(
    0.,1.),(0.,1.),.PIECEWISE_BEZIER_KNOTS.) 
GEOMETRIC_REPRESENTATION_ITEM() RATIONAL_B_SPLINE_SURFACE((
    (1.,0.804737854124,0.804737854124,1.)
    ,(0.804737854124,0.647603013861,0.647603013861,0.804737854124)
    ,(0.804737854124,0.647603013861,0.647603013861,0.804737854124)
,(1.,0.804737854124,0.804737854124,1.
))) REPRESENTATION_ITEM('') SURFACE() );
#2722 = CARTESIAN_POINT('',(1.E-02,0.29,-0.3));
#2723 = CARTESIAN_POINT('',(1.E-02,0.295857864376,-0.3));
#2724 = CARTESIAN_POINT('',(1.E-02,0.3,-0.295857864376));
#2725 = CARTESIAN_POINT('',(1.E-02,0.3,-0.29));
#2726 = CARTESIAN_POINT('',(4.142135623731E-03,0.29,-0.3));
#2727 = CARTESIAN_POINT('',(4.142135623731E-03,0.295857864376,-0.3));
#2728 = CARTESIAN_POINT('',(4.142135623731E-03,0.3,-0.295857864376));
#2729 = CARTESIAN_POINT('',(4.142135623731E-03,0.3,-0.29));
#2730 = CARTESIAN_POINT('',(2.411447380332E-18,0.29,-0.295857864376));
#2731 = CARTESIAN_POINT('',(2.411447380332E-18,0.293431457505,
    -0.295857864376));
#2732 = CARTESIAN_POINT('',(2.411447380332E-18,0.295857864376,
    -0.293431457505));
#2733 = CARTESIAN_POINT('',(2.411447380332E-18,0.295857864376,-0.29));
#2734 = CARTESIAN_POINT('',(1.694065894509E-18,0.29,-0.29));
#2735 = CARTESIAN_POINT('',(1.694065894509E-18,0.29,-0.29));
#2736 = CARTESIAN_POINT('',(1.694065894509E-18,0.29,-0.29));
#2737 = CARTESIAN_POINT('',(1.694065894509E-18,0.29,-0.29));
#2738 = ADVANCED_FACE('',(#2739),#2756,.T.);
#2739 = FACE_BOUND('',#2740,.T.);
#2740 = EDGE_LOOP('',(#2741,#2748,#2749,#2750));
#2741 = ORIENTED_EDGE('',*,*,#2742,.T.);
#2742 = EDGE_CURVE('',#2583,#2316,#2743,.T.);
#2743 = CIRCLE('',#2744,1.E-02);
#2744 = AXIS2_PLACEMENT_3D('',#2745,#2746,#2747);
#2745 = CARTESIAN_POINT('',(1.E-02,0.29,-1.E-02));
#2746 = DIRECTION('',(0.,0.,-1.));
#2747 = DIRECTION('',(1.,0.,0.));
#2748 = ORIENTED_EDGE('',*,*,#2315,.T.);
#2749 = ORIENTED_EDGE('',*,*,#2715,.F.);
#2750 = ORIENTED_EDGE('',*,*,#2751,.T.);
#2751 = EDGE_CURVE('',#2690,#2583,#2752,.T.);
#2752 = LINE('',#2753,#2754);
#2753 = CARTESIAN_POINT('',(0.,0.29,-0.3));
#2754 = VECTOR('',#2755,1.);
#2755 = DIRECTION('',(0.,0.,1.));
#2756 = CYLINDRICAL_SURFACE('',#2757,1.E-02);
#2757 = AXIS2_PLACEMENT_3D('',#2758,#2759,#2760);
#2758 = CARTESIAN_POINT('',(1.E-02,0.29,-0.3));
#2759 = DIRECTION('',(0.,0.,1.));
#2760 = DIRECTION('',(1.,0.,-0.));
#2761 = ADVANCED_FACE('',(#2762),#2767,.T.);
#2762 = FACE_BOUND('',#2763,.T.);
#2763 = EDGE_LOOP('',(#2764,#2765,#2766));
#2764 = ORIENTED_EDGE('',*,*,#2742,.F.);
#2765 = ORIENTED_EDGE('',*,*,#2582,.F.);
#2766 = ORIENTED_EDGE('',*,*,#2338,.F.);
#2767 = ( BOUNDED_SURFACE() B_SPLINE_SURFACE(3,3,(
    (#2768,#2769,#2770,#2771)
    ,(#2772,#2773,#2774,#2775)
    ,(#2776,#2777,#2778,#2779)
    ,(#2780,#2781,#2782,#2783
)),.UNSPECIFIED.,.F.,.F.,.F.) B_SPLINE_SURFACE_WITH_KNOTS((4,4),(4,4),(
    0.,1.),(0.,1.),.PIECEWISE_BEZIER_KNOTS.) 
GEOMETRIC_REPRESENTATION_ITEM() RATIONAL_B_SPLINE_SURFACE((
    (1.,0.804737854124,0.804737854124,1.)
    ,(0.804737854124,0.647603013861,0.647603013861,0.804737854124)
    ,(0.804737854124,0.647603013861,0.647603013861,0.804737854124)
,(1.,0.804737854124,0.804737854124,1.
))) REPRESENTATION_ITEM('') SURFACE() );
#2768 = CARTESIAN_POINT('',(1.E-02,0.3,-1.E-02));
#2769 = CARTESIAN_POINT('',(1.E-02,0.3,-4.142135623731E-03));
#2770 = CARTESIAN_POINT('',(1.E-02,0.295857864376,-2.245456220989E-17));
#2771 = CARTESIAN_POINT('',(1.E-02,0.29,-5.421010862428E-17));
#2772 = CARTESIAN_POINT('',(4.142135623731E-03,0.3,-1.E-02));
#2773 = CARTESIAN_POINT('',(4.142135623731E-03,0.3,-4.142135623731E-03)
  );
#2774 = CARTESIAN_POINT('',(4.142135623731E-03,0.295857864376,
    -2.245456220989E-17));
#2775 = CARTESIAN_POINT('',(4.142135623731E-03,0.29,-5.421010862428E-17)
  );
#2776 = CARTESIAN_POINT('',(3.362841972753E-17,0.295857864376,-1.E-02));
#2777 = CARTESIAN_POINT('',(3.362841972753E-17,0.295857864376,
    -6.568542494924E-03));
#2778 = CARTESIAN_POINT('',(3.362841972753E-17,0.293431457505,
    -4.142135623731E-03));
#2779 = CARTESIAN_POINT('',(3.362841972753E-17,0.29,-4.142135623731E-03)
  );
#2780 = CARTESIAN_POINT('',(1.694065894509E-18,0.29,-1.E-02));
#2781 = CARTESIAN_POINT('',(1.694065894509E-18,0.29,-1.E-02));
#2782 = CARTESIAN_POINT('',(1.694065894509E-18,0.29,-1.E-02));
#2783 = CARTESIAN_POINT('',(1.694065894509E-18,0.29,-1.E-02));
#2784 = ADVANCED_FACE('',(#2785),#2791,.F.);
#2785 = FACE_BOUND('',#2786,.T.);
#2786 = EDGE_LOOP('',(#2787,#2788,#2789,#2790));
#2787 = ORIENTED_EDGE('',*,*,#2535,.F.);
#2788 = ORIENTED_EDGE('',*,*,#2473,.F.);
#2789 = ORIENTED_EDGE('',*,*,#2419,.F.);
#2790 = ORIENTED_EDGE('',*,*,#2375,.F.);
#2791 = PLANE('',#2792);
#2792 = AXIS2_PLACEMENT_3D('',#2793,#2794,#2795);
#2793 = CARTESIAN_POINT('',(0.6,0.3,0.));
#2794 = DIRECTION('',(-1.,0.,-3.614007241618E-16));
#2795 = DIRECTION('',(-3.614007241618E-16,0.,1.));
#2796 = ADVANCED_FACE('',(#2797),#2803,.F.);
#2797 = FACE_BOUND('',#2798,.T.);
#2798 = EDGE_LOOP('',(#2799,#2800,#2801,#2802));
#2799 = ORIENTED_EDGE('',*,*,#2689,.F.);
#2800 = ORIENTED_EDGE('',*,*,#2635,.F.);
#2801 = ORIENTED_EDGE('',*,*,#2591,.F.);
#2802 = ORIENTED_EDGE('',*,*,#2751,.F.);
#2803 = PLANE('',#2804);
#2804 = AXIS2_PLACEMENT_3D('',#2805,#2806,#2807);
#2805 = CARTESIAN_POINT('',(0.,0.3,0.));
#2806 = DIRECTION('',(1.,-0.,0.));
#2807 = DIRECTION('',(0.,0.,-1.));
#2808 = ( GEOMETRIC_REPRESENTATION_CONTEXT(3) 
GLOBAL_UNCERTAINTY_ASSIGNED_CONTEXT((#2812)) 
GLOBAL_UNIT_ASSIGNED_CONTEXT((#2809,#2810,#2811)) REPRESENTATION_CONTEXT
('Context #1','3D Context with UNIT and UNCERTAINTY') );
#2809 = ( LENGTH_UNIT() NAMED_UNIT(*) SI_UNIT(.MILLI.,.METRE.) );
#2810 = ( NAMED_UNIT(*) PLANE_ANGLE_UNIT() SI_UNIT($,.RADIAN.) );
#2811 = ( NAMED_UNIT(*) SI_UNIT($,.STERADIAN.) SOLID_ANGLE_UNIT() );
#2812 = UNCERTAINTY_MEASURE_WITH_UNIT(LENGTH_MEASURE(1.E-07),#2809,
  'distance_accuracy_value','confusion accuracy');
#2813 = SHAPE_DEFINITION_REPRESENTATION(#2814,#1529);
#2814 = PRODUCT_DEFINITION_SHAPE('','',#2815);
#2815 = PRODUCT_DEFINITION('design','',#2816,#2819);
#2816 = PRODUCT_DEFINITION_FORMATION('','',#2817);
#2817 = PRODUCT('User Library-Chip Cap_MLCC_0201 (0603)',
  'User Library-Chip Cap_MLCC_0201 (0603)','',(#2818));
#2818 = PRODUCT_CONTEXT('',#2,'mechanical');
#2819 = PRODUCT_DEFINITION_CONTEXT('part definition',#2,'design');
#2820 = CONTEXT_DEPENDENT_SHAPE_REPRESENTATION(#2821,#2823);
#2821 = ( REPRESENTATION_RELATIONSHIP('','',#1529,#1519) 
REPRESENTATION_RELATIONSHIP_WITH_TRANSFORMATION(#2822) 
SHAPE_REPRESENTATION_RELATIONSHIP() );
#2822 = ITEM_DEFINED_TRANSFORMATION('','',#11,#1520);
#2823 = PRODUCT_DEFINITION_SHAPE('Placement','Placement of an item',
  #2824);
#2824 = NEXT_ASSEMBLY_USAGE_OCCURRENCE('3','','',#1514,#2815,$);
#2825 = PRODUCT_RELATED_PRODUCT_CATEGORY('part',$,(#2817));
#2826 = CONTEXT_DEPENDENT_SHAPE_REPRESENTATION(#2827,#2829);
#2827 = ( REPRESENTATION_RELATIONSHIP('','',#1519,#10) 
REPRESENTATION_RELATIONSHIP_WITH_TRANSFORMATION(#2828) 
SHAPE_REPRESENTATION_RELATIONSHIP() );
#2828 = ITEM_DEFINED_TRANSFORMATION('','',#11,#19);
#2829 = PRODUCT_DEFINITION_SHAPE('Placement','Placement of an item',
  #2830);
#2830 = NEXT_ASSEMBLY_USAGE_OCCURRENCE('4','','',#5,#1514,$);
#2831 = PRODUCT_RELATED_PRODUCT_CATEGORY('part',$,(#1516));
#2832 = SHAPE_DEFINITION_REPRESENTATION(#2833,#2839);
#2833 = PRODUCT_DEFINITION_SHAPE('','',#2834);
#2834 = PRODUCT_DEFINITION('design','',#2835,#2838);
#2835 = PRODUCT_DEFINITION_FORMATION('','',#2836);
#2836 = PRODUCT('C12','C12','',(#2837));
#2837 = PRODUCT_CONTEXT('',#2,'mechanical');
#2838 = PRODUCT_DEFINITION_CONTEXT('part definition',#2,'design');
#2839 = SHAPE_REPRESENTATION('',(#11,#2840,#2844,#2848),#2852);
#2840 = AXIS2_PLACEMENT_3D('',#2841,#2842,#2843);
#2841 = CARTESIAN_POINT('',(4.96498131377,21.835269838125,0.));
#2842 = DIRECTION('',(0.,0.,1.));
#2843 = DIRECTION('',(1.,0.,0.));
#2844 = AXIS2_PLACEMENT_3D('',#2845,#2846,#2847);
#2845 = CARTESIAN_POINT('',(4.539810415332,21.83364477709,0.));
#2846 = DIRECTION('',(0.,0.,1.));
#2847 = DIRECTION('',(1.,0.,0.));
#2848 = AXIS2_PLACEMENT_3D('',#2849,#2850,#2851);
#2849 = CARTESIAN_POINT('',(4.118141408984,21.835529237539,
    1.000759541057E-03));
#2850 = DIRECTION('',(0.,0.,1.));
#2851 = DIRECTION('',(1.,0.,0.));
#2852 = ( GEOMETRIC_REPRESENTATION_CONTEXT(3) 
GLOBAL_UNCERTAINTY_ASSIGNED_CONTEXT((#2856)) 
GLOBAL_UNIT_ASSIGNED_CONTEXT((#2853,#2854,#2855)) REPRESENTATION_CONTEXT
('Context #1','3D Context with UNIT and UNCERTAINTY') );
#2853 = ( LENGTH_UNIT() NAMED_UNIT(*) SI_UNIT(.MILLI.,.METRE.) );
#2854 = ( NAMED_UNIT(*) PLANE_ANGLE_UNIT() SI_UNIT($,.RADIAN.) );
#2855 = ( NAMED_UNIT(*) SI_UNIT($,.STERADIAN.) SOLID_ANGLE_UNIT() );
#2856 = UNCERTAINTY_MEASURE_WITH_UNIT(LENGTH_MEASURE(1.E-07),#2853,
  'distance_accuracy_value','confusion accuracy');
#2857 = SHAPE_DEFINITION_REPRESENTATION(#2858,#2864);
#2858 = PRODUCT_DEFINITION_SHAPE('','',#2859);
#2859 = PRODUCT_DEFINITION('design','',#2860,#2863);
#2860 = PRODUCT_DEFINITION_FORMATION('','',#2861);
#2861 = PRODUCT('6629763328','6629763328','',(#2862));
#2862 = PRODUCT_CONTEXT('',#2,'mechanical');
#2863 = PRODUCT_DEFINITION_CONTEXT('part definition',#2,'design');
#2864 = SHAPE_REPRESENTATION('',(#11,#2865),#2869);
#2865 = AXIS2_PLACEMENT_3D('',#2866,#2867,#2868);
#2866 = CARTESIAN_POINT('',(0.,0.,0.));
#2867 = DIRECTION('',(0.,0.,1.));
#2868 = DIRECTION('',(1.,0.,0.));
#2869 = ( GEOMETRIC_REPRESENTATION_CONTEXT(3) 
GLOBAL_UNCERTAINTY_ASSIGNED_CONTEXT((#2873)) 
GLOBAL_UNIT_ASSIGNED_CONTEXT((#2870,#2871,#2872)) REPRESENTATION_CONTEXT
('Context #1','3D Context with UNIT and UNCERTAINTY') );
#2870 = ( LENGTH_UNIT() NAMED_UNIT(*) SI_UNIT(.MILLI.,.METRE.) );
#2871 = ( NAMED_UNIT(*) PLANE_ANGLE_UNIT() SI_UNIT($,.RADIAN.) );
#2872 = ( NAMED_UNIT(*) SI_UNIT($,.STERADIAN.) SOLID_ANGLE_UNIT() );
#2873 = UNCERTAINTY_MEASURE_WITH_UNIT(LENGTH_MEASURE(1.E-07),#2870,
  'distance_accuracy_value','confusion accuracy');
#2874 = ADVANCED_BREP_SHAPE_REPRESENTATION('',(#11,#2875),#3025);
#2875 = MANIFOLD_SOLID_BREP('',#2876);
#2876 = CLOSED_SHELL('',(#2877,#2917,#2948,#2979,#3001,#3013));
#2877 = ADVANCED_FACE('',(#2878),#2912,.T.);
#2878 = FACE_BOUND('',#2879,.T.);
#2879 = EDGE_LOOP('',(#2880,#2890,#2898,#2906));
#2880 = ORIENTED_EDGE('',*,*,#2881,.T.);
#2881 = EDGE_CURVE('',#2882,#2884,#2886,.T.);
#2882 = VERTEX_POINT('',#2883);
#2883 = CARTESIAN_POINT('',(0.12815824,0.27187652,0.));
#2884 = VERTEX_POINT('',#2885);
#2885 = CARTESIAN_POINT('',(0.12815824,0.27187652,0.50927));
#2886 = LINE('',#2887,#2888);
#2887 = CARTESIAN_POINT('',(0.12815824,0.27187652,0.));
#2888 = VECTOR('',#2889,1.);
#2889 = DIRECTION('',(0.,0.,1.));
#2890 = ORIENTED_EDGE('',*,*,#2891,.T.);
#2891 = EDGE_CURVE('',#2884,#2892,#2894,.T.);
#2892 = VERTEX_POINT('',#2893);
#2893 = CARTESIAN_POINT('',(0.12815824,-0.27187398,0.50927));
#2894 = LINE('',#2895,#2896);
#2895 = CARTESIAN_POINT('',(0.12815824,0.27187652,0.50927));
#2896 = VECTOR('',#2897,1.);
#2897 = DIRECTION('',(0.,-1.,0.));
#2898 = ORIENTED_EDGE('',*,*,#2899,.F.);
#2899 = EDGE_CURVE('',#2900,#2892,#2902,.T.);
#2900 = VERTEX_POINT('',#2901);
#2901 = CARTESIAN_POINT('',(0.12815824,-0.27187398,0.));
#2902 = LINE('',#2903,#2904);
#2903 = CARTESIAN_POINT('',(0.12815824,-0.27187398,0.));
#2904 = VECTOR('',#2905,1.);
#2905 = DIRECTION('',(0.,0.,1.));
#2906 = ORIENTED_EDGE('',*,*,#2907,.F.);
#2907 = EDGE_CURVE('',#2882,#2900,#2908,.T.);
#2908 = LINE('',#2909,#2910);
#2909 = CARTESIAN_POINT('',(0.12815824,0.27187652,0.));
#2910 = VECTOR('',#2911,1.);
#2911 = DIRECTION('',(0.,-1.,0.));
#2912 = PLANE('',#2913);
#2913 = AXIS2_PLACEMENT_3D('',#2914,#2915,#2916);
#2914 = CARTESIAN_POINT('',(0.12815824,0.27187652,0.));
#2915 = DIRECTION('',(1.,0.,-0.));
#2916 = DIRECTION('',(0.,-1.,0.));
#2917 = ADVANCED_FACE('',(#2918),#2943,.T.);
#2918 = FACE_BOUND('',#2919,.T.);
#2919 = EDGE_LOOP('',(#2920,#2921,#2929,#2937));
#2920 = ORIENTED_EDGE('',*,*,#2899,.T.);
#2921 = ORIENTED_EDGE('',*,*,#2922,.T.);
#2922 = EDGE_CURVE('',#2892,#2923,#2925,.T.);
#2923 = VERTEX_POINT('',#2924);
#2924 = CARTESIAN_POINT('',(-0.12815824,-0.27187398,0.50927));
#2925 = LINE('',#2926,#2927);
#2926 = CARTESIAN_POINT('',(0.12815824,-0.27187398,0.50927));
#2927 = VECTOR('',#2928,1.);
#2928 = DIRECTION('',(-1.,0.,0.));
#2929 = ORIENTED_EDGE('',*,*,#2930,.F.);
#2930 = EDGE_CURVE('',#2931,#2923,#2933,.T.);
#2931 = VERTEX_POINT('',#2932);
#2932 = CARTESIAN_POINT('',(-0.12815824,-0.27187398,0.));
#2933 = LINE('',#2934,#2935);
#2934 = CARTESIAN_POINT('',(-0.12815824,-0.27187398,0.));
#2935 = VECTOR('',#2936,1.);
#2936 = DIRECTION('',(0.,0.,1.));
#2937 = ORIENTED_EDGE('',*,*,#2938,.F.);
#2938 = EDGE_CURVE('',#2900,#2931,#2939,.T.);
#2939 = LINE('',#2940,#2941);
#2940 = CARTESIAN_POINT('',(0.12815824,-0.27187398,0.));
#2941 = VECTOR('',#2942,1.);
#2942 = DIRECTION('',(-1.,0.,0.));
#2943 = PLANE('',#2944);
#2944 = AXIS2_PLACEMENT_3D('',#2945,#2946,#2947);
#2945 = CARTESIAN_POINT('',(0.12815824,-0.27187398,0.));
#2946 = DIRECTION('',(0.,-1.,0.));
#2947 = DIRECTION('',(-1.,0.,0.));
#2948 = ADVANCED_FACE('',(#2949),#2974,.T.);
#2949 = FACE_BOUND('',#2950,.T.);
#2950 = EDGE_LOOP('',(#2951,#2952,#2960,#2968));
#2951 = ORIENTED_EDGE('',*,*,#2930,.T.);
#2952 = ORIENTED_EDGE('',*,*,#2953,.T.);
#2953 = EDGE_CURVE('',#2923,#2954,#2956,.T.);
#2954 = VERTEX_POINT('',#2955);
#2955 = CARTESIAN_POINT('',(-0.12815824,0.27187652,0.50927));
#2956 = LINE('',#2957,#2958);
#2957 = CARTESIAN_POINT('',(-0.12815824,-0.27187398,0.50927));
#2958 = VECTOR('',#2959,1.);
#2959 = DIRECTION('',(0.,1.,0.));
#2960 = ORIENTED_EDGE('',*,*,#2961,.F.);
#2961 = EDGE_CURVE('',#2962,#2954,#2964,.T.);
#2962 = VERTEX_POINT('',#2963);
#2963 = CARTESIAN_POINT('',(-0.12815824,0.27187652,0.));
#2964 = LINE('',#2965,#2966);
#2965 = CARTESIAN_POINT('',(-0.12815824,0.27187652,0.));
#2966 = VECTOR('',#2967,1.);
#2967 = DIRECTION('',(0.,0.,1.));
#2968 = ORIENTED_EDGE('',*,*,#2969,.F.);
#2969 = EDGE_CURVE('',#2931,#2962,#2970,.T.);
#2970 = LINE('',#2971,#2972);
#2971 = CARTESIAN_POINT('',(-0.12815824,-0.27187398,0.));
#2972 = VECTOR('',#2973,1.);
#2973 = DIRECTION('',(0.,1.,0.));
#2974 = PLANE('',#2975);
#2975 = AXIS2_PLACEMENT_3D('',#2976,#2977,#2978);
#2976 = CARTESIAN_POINT('',(-0.12815824,-0.27187398,0.));
#2977 = DIRECTION('',(-1.,0.,0.));
#2978 = DIRECTION('',(0.,1.,0.));
#2979 = ADVANCED_FACE('',(#2980),#2996,.T.);
#2980 = FACE_BOUND('',#2981,.T.);
#2981 = EDGE_LOOP('',(#2982,#2983,#2989,#2990));
#2982 = ORIENTED_EDGE('',*,*,#2961,.T.);
#2983 = ORIENTED_EDGE('',*,*,#2984,.T.);
#2984 = EDGE_CURVE('',#2954,#2884,#2985,.T.);
#2985 = LINE('',#2986,#2987);
#2986 = CARTESIAN_POINT('',(-0.12815824,0.27187652,0.50927));
#2987 = VECTOR('',#2988,1.);
#2988 = DIRECTION('',(1.,0.,0.));
#2989 = ORIENTED_EDGE('',*,*,#2881,.F.);
#2990 = ORIENTED_EDGE('',*,*,#2991,.F.);
#2991 = EDGE_CURVE('',#2962,#2882,#2992,.T.);
#2992 = LINE('',#2993,#2994);
#2993 = CARTESIAN_POINT('',(-0.12815824,0.27187652,0.));
#2994 = VECTOR('',#2995,1.);
#2995 = DIRECTION('',(1.,0.,0.));
#2996 = PLANE('',#2997);
#2997 = AXIS2_PLACEMENT_3D('',#2998,#2999,#3000);
#2998 = CARTESIAN_POINT('',(-0.12815824,0.27187652,0.));
#2999 = DIRECTION('',(0.,1.,0.));
#3000 = DIRECTION('',(1.,0.,0.));
#3001 = ADVANCED_FACE('',(#3002),#3008,.T.);
#3002 = FACE_BOUND('',#3003,.T.);
#3003 = EDGE_LOOP('',(#3004,#3005,#3006,#3007));
#3004 = ORIENTED_EDGE('',*,*,#2907,.T.);
#3005 = ORIENTED_EDGE('',*,*,#2938,.T.);
#3006 = ORIENTED_EDGE('',*,*,#2969,.T.);
#3007 = ORIENTED_EDGE('',*,*,#2991,.T.);
#3008 = PLANE('',#3009);
#3009 = AXIS2_PLACEMENT_3D('',#3010,#3011,#3012);
#3010 = CARTESIAN_POINT('',(8.672891242065E-18,1.270000005604E-06,0.));
#3011 = DIRECTION('',(-0.,-0.,-1.));
#3012 = DIRECTION('',(-1.,0.,0.));
#3013 = ADVANCED_FACE('',(#3014),#3020,.F.);
#3014 = FACE_BOUND('',#3015,.F.);
#3015 = EDGE_LOOP('',(#3016,#3017,#3018,#3019));
#3016 = ORIENTED_EDGE('',*,*,#2891,.T.);
#3017 = ORIENTED_EDGE('',*,*,#2922,.T.);
#3018 = ORIENTED_EDGE('',*,*,#2953,.T.);
#3019 = ORIENTED_EDGE('',*,*,#2984,.T.);
#3020 = PLANE('',#3021);
#3021 = AXIS2_PLACEMENT_3D('',#3022,#3023,#3024);
#3022 = CARTESIAN_POINT('',(8.672891242065E-18,1.270000005604E-06,
    0.50927));
#3023 = DIRECTION('',(-0.,-0.,-1.));
#3024 = DIRECTION('',(-1.,0.,0.));
#3025 = ( GEOMETRIC_REPRESENTATION_CONTEXT(3) 
GLOBAL_UNCERTAINTY_ASSIGNED_CONTEXT((#3029)) 
GLOBAL_UNIT_ASSIGNED_CONTEXT((#3026,#3027,#3028)) REPRESENTATION_CONTEXT
('Context #1','3D Context with UNIT and UNCERTAINTY') );
#3026 = ( LENGTH_UNIT() NAMED_UNIT(*) SI_UNIT(.MILLI.,.METRE.) );
#3027 = ( NAMED_UNIT(*) PLANE_ANGLE_UNIT() SI_UNIT($,.RADIAN.) );
#3028 = ( NAMED_UNIT(*) SI_UNIT($,.STERADIAN.) SOLID_ANGLE_UNIT() );
#3029 = UNCERTAINTY_MEASURE_WITH_UNIT(LENGTH_MEASURE(1.E-07),#3026,
  'distance_accuracy_value','confusion accuracy');
#3030 = SHAPE_DEFINITION_REPRESENTATION(#3031,#2874);
#3031 = PRODUCT_DEFINITION_SHAPE('','',#3032);
#3032 = PRODUCT_DEFINITION('design','',#3033,#3036);
#3033 = PRODUCT_DEFINITION_FORMATION('','',#3034);
#3034 = PRODUCT('Extruded','Extruded','',(#3035));
#3035 = PRODUCT_CONTEXT('',#2,'mechanical');
#3036 = PRODUCT_DEFINITION_CONTEXT('part definition',#2,'design');
#3037 = CONTEXT_DEPENDENT_SHAPE_REPRESENTATION(#3038,#3040);
#3038 = ( REPRESENTATION_RELATIONSHIP('','',#2874,#2864) 
REPRESENTATION_RELATIONSHIP_WITH_TRANSFORMATION(#3039) 
SHAPE_REPRESENTATION_RELATIONSHIP() );
#3039 = ITEM_DEFINED_TRANSFORMATION('','',#11,#2865);
#3040 = PRODUCT_DEFINITION_SHAPE('Placement','Placement of an item',
  #3041);
#3041 = NEXT_ASSEMBLY_USAGE_OCCURRENCE('5','1','',#2859,#3032,$);
#3042 = PRODUCT_RELATED_PRODUCT_CATEGORY('part',$,(#3034));
#3043 = CONTEXT_DEPENDENT_SHAPE_REPRESENTATION(#3044,#3046);
#3044 = ( REPRESENTATION_RELATIONSHIP('','',#2864,#2839) 
REPRESENTATION_RELATIONSHIP_WITH_TRANSFORMATION(#3045) 
SHAPE_REPRESENTATION_RELATIONSHIP() );
#3045 = ITEM_DEFINED_TRANSFORMATION('','',#11,#2840);
#3046 = PRODUCT_DEFINITION_SHAPE('Placement','Placement of an item',
  #3047);
#3047 = NEXT_ASSEMBLY_USAGE_OCCURRENCE('6','','',#2834,#2859,$);
#3048 = PRODUCT_RELATED_PRODUCT_CATEGORY('part',$,(#2861));
#3049 = SHAPE_DEFINITION_REPRESENTATION(#3050,#3056);
#3050 = PRODUCT_DEFINITION_SHAPE('','',#3051);
#3051 = PRODUCT_DEFINITION('design','',#3052,#3055);
#3052 = PRODUCT_DEFINITION_FORMATION('','',#3053);
#3053 = PRODUCT('6629763168','6629763168','',(#3054));
#3054 = PRODUCT_CONTEXT('',#2,'mechanical');
#3055 = PRODUCT_DEFINITION_CONTEXT('part definition',#2,'design');
#3056 = SHAPE_REPRESENTATION('',(#11,#3057),#3061);
#3057 = AXIS2_PLACEMENT_3D('',#3058,#3059,#3060);
#3058 = CARTESIAN_POINT('',(0.,0.,0.));
#3059 = DIRECTION('',(0.,0.,1.));
#3060 = DIRECTION('',(1.,0.,0.));
#3061 = ( GEOMETRIC_REPRESENTATION_CONTEXT(3) 
GLOBAL_UNCERTAINTY_ASSIGNED_CONTEXT((#3065)) 
GLOBAL_UNIT_ASSIGNED_CONTEXT((#3062,#3063,#3064)) REPRESENTATION_CONTEXT
('Context #1','3D Context with UNIT and UNCERTAINTY') );
#3062 = ( LENGTH_UNIT() NAMED_UNIT(*) SI_UNIT(.MILLI.,.METRE.) );
#3063 = ( NAMED_UNIT(*) PLANE_ANGLE_UNIT() SI_UNIT($,.RADIAN.) );
#3064 = ( NAMED_UNIT(*) SI_UNIT($,.STERADIAN.) SOLID_ANGLE_UNIT() );
#3065 = UNCERTAINTY_MEASURE_WITH_UNIT(LENGTH_MEASURE(1.E-07),#3062,
  'distance_accuracy_value','confusion accuracy');
#3066 = ADVANCED_BREP_SHAPE_REPRESENTATION('',(#11,#3067),#3217);
#3067 = MANIFOLD_SOLID_BREP('',#3068);
#3068 = CLOSED_SHELL('',(#3069,#3109,#3140,#3171,#3193,#3205));
#3069 = ADVANCED_FACE('',(#3070),#3104,.F.);
#3070 = FACE_BOUND('',#3071,.F.);
#3071 = EDGE_LOOP('',(#3072,#3082,#3090,#3098));
#3072 = ORIENTED_EDGE('',*,*,#3073,.T.);
#3073 = EDGE_CURVE('',#3074,#3076,#3078,.T.);
#3074 = VERTEX_POINT('',#3075);
#3075 = CARTESIAN_POINT('',(-0.550545,0.2737612,0.));
#3076 = VERTEX_POINT('',#3077);
#3077 = CARTESIAN_POINT('',(-0.550545,0.2737612,0.508));
#3078 = LINE('',#3079,#3080);
#3079 = CARTESIAN_POINT('',(-0.550545,0.2737612,0.));
#3080 = VECTOR('',#3081,1.);
#3081 = DIRECTION('',(0.,0.,1.));
#3082 = ORIENTED_EDGE('',*,*,#3083,.T.);
#3083 = EDGE_CURVE('',#3076,#3084,#3086,.T.);
#3084 = VERTEX_POINT('',#3085);
#3085 = CARTESIAN_POINT('',(-0.55054246,-0.27375612,0.508));
#3086 = LINE('',#3087,#3088);
#3087 = CARTESIAN_POINT('',(-0.550545,0.2737612,0.508));
#3088 = VECTOR('',#3089,1.);
#3089 = DIRECTION('',(4.639122617637E-06,-0.999999999989,0.));
#3090 = ORIENTED_EDGE('',*,*,#3091,.F.);
#3091 = EDGE_CURVE('',#3092,#3084,#3094,.T.);
#3092 = VERTEX_POINT('',#3093);
#3093 = CARTESIAN_POINT('',(-0.55054246,-0.27375612,0.));
#3094 = LINE('',#3095,#3096);
#3095 = CARTESIAN_POINT('',(-0.55054246,-0.27375612,0.));
#3096 = VECTOR('',#3097,1.);
#3097 = DIRECTION('',(0.,0.,1.));
#3098 = ORIENTED_EDGE('',*,*,#3099,.F.);
#3099 = EDGE_CURVE('',#3074,#3092,#3100,.T.);
#3100 = LINE('',#3101,#3102);
#3101 = CARTESIAN_POINT('',(-0.550545,0.2737612,0.));
#3102 = VECTOR('',#3103,1.);
#3103 = DIRECTION('',(4.639122617637E-06,-0.999999999989,0.));
#3104 = PLANE('',#3105);
#3105 = AXIS2_PLACEMENT_3D('',#3106,#3107,#3108);
#3106 = CARTESIAN_POINT('',(-0.550545,0.2737612,0.));
#3107 = DIRECTION('',(0.999999999989,4.639122617637E-06,-0.));
#3108 = DIRECTION('',(4.639122617637E-06,-0.999999999989,0.));
#3109 = ADVANCED_FACE('',(#3110),#3135,.F.);
#3110 = FACE_BOUND('',#3111,.F.);
#3111 = EDGE_LOOP('',(#3112,#3113,#3121,#3129));
#3112 = ORIENTED_EDGE('',*,*,#3091,.T.);
#3113 = ORIENTED_EDGE('',*,*,#3114,.T.);
#3114 = EDGE_CURVE('',#3084,#3115,#3117,.T.);
#3115 = VERTEX_POINT('',#3116);
#3116 = CARTESIAN_POINT('',(0.55054754,-0.27375866,0.508));
#3117 = LINE('',#3118,#3119);
#3118 = CARTESIAN_POINT('',(-0.55054246,-0.27375612,0.508));
#3119 = VECTOR('',#3120,1.);
#3120 = DIRECTION('',(0.999999999997,-2.306805078692E-06,0.));
#3121 = ORIENTED_EDGE('',*,*,#3122,.F.);
#3122 = EDGE_CURVE('',#3123,#3115,#3125,.T.);
#3123 = VERTEX_POINT('',#3124);
#3124 = CARTESIAN_POINT('',(0.55054754,-0.27375866,0.));
#3125 = LINE('',#3126,#3127);
#3126 = CARTESIAN_POINT('',(0.55054754,-0.27375866,0.));
#3127 = VECTOR('',#3128,1.);
#3128 = DIRECTION('',(0.,0.,1.));
#3129 = ORIENTED_EDGE('',*,*,#3130,.F.);
#3130 = EDGE_CURVE('',#3092,#3123,#3131,.T.);
#3131 = LINE('',#3132,#3133);
#3132 = CARTESIAN_POINT('',(-0.55054246,-0.27375612,0.));
#3133 = VECTOR('',#3134,1.);
#3134 = DIRECTION('',(0.999999999997,-2.306805078692E-06,0.));
#3135 = PLANE('',#3136);
#3136 = AXIS2_PLACEMENT_3D('',#3137,#3138,#3139);
#3137 = CARTESIAN_POINT('',(-0.55054246,-0.27375612,0.));
#3138 = DIRECTION('',(2.306805078692E-06,0.999999999997,-0.));
#3139 = DIRECTION('',(0.999999999997,-2.306805078692E-06,0.));
#3140 = ADVANCED_FACE('',(#3141),#3166,.F.);
#3141 = FACE_BOUND('',#3142,.F.);
#3142 = EDGE_LOOP('',(#3143,#3144,#3152,#3160));
#3143 = ORIENTED_EDGE('',*,*,#3122,.T.);
#3144 = ORIENTED_EDGE('',*,*,#3145,.T.);
#3145 = EDGE_CURVE('',#3115,#3146,#3148,.T.);
#3146 = VERTEX_POINT('',#3147);
#3147 = CARTESIAN_POINT('',(0.550545,0.27375866,0.508));
#3148 = LINE('',#3149,#3150);
#3149 = CARTESIAN_POINT('',(0.55054754,-0.27375866,0.508));
#3150 = VECTOR('',#3151,1.);
#3151 = DIRECTION('',(-4.639122669547E-06,0.999999999989,0.));
#3152 = ORIENTED_EDGE('',*,*,#3153,.F.);
#3153 = EDGE_CURVE('',#3154,#3146,#3156,.T.);
#3154 = VERTEX_POINT('',#3155);
#3155 = CARTESIAN_POINT('',(0.550545,0.27375866,0.));
#3156 = LINE('',#3157,#3158);
#3157 = CARTESIAN_POINT('',(0.550545,0.27375866,0.));
#3158 = VECTOR('',#3159,1.);
#3159 = DIRECTION('',(0.,0.,1.));
#3160 = ORIENTED_EDGE('',*,*,#3161,.F.);
#3161 = EDGE_CURVE('',#3123,#3154,#3162,.T.);
#3162 = LINE('',#3163,#3164);
#3163 = CARTESIAN_POINT('',(0.55054754,-0.27375866,0.));
#3164 = VECTOR('',#3165,1.);
#3165 = DIRECTION('',(-4.639122669547E-06,0.999999999989,0.));
#3166 = PLANE('',#3167);
#3167 = AXIS2_PLACEMENT_3D('',#3168,#3169,#3170);
#3168 = CARTESIAN_POINT('',(0.55054754,-0.27375866,0.));
#3169 = DIRECTION('',(-0.999999999989,-4.639122669547E-06,0.));
#3170 = DIRECTION('',(-4.639122669547E-06,0.999999999989,0.));
#3171 = ADVANCED_FACE('',(#3172),#3188,.F.);
#3172 = FACE_BOUND('',#3173,.F.);
#3173 = EDGE_LOOP('',(#3174,#3175,#3181,#3182));
#3174 = ORIENTED_EDGE('',*,*,#3153,.T.);
#3175 = ORIENTED_EDGE('',*,*,#3176,.T.);
#3176 = EDGE_CURVE('',#3146,#3076,#3177,.T.);
#3177 = LINE('',#3178,#3179);
#3178 = CARTESIAN_POINT('',(0.550545,0.27375866,0.508));
#3179 = VECTOR('',#3180,1.);
#3180 = DIRECTION('',(-0.999999999997,2.306805078693E-06,0.));
#3181 = ORIENTED_EDGE('',*,*,#3073,.F.);
#3182 = ORIENTED_EDGE('',*,*,#3183,.F.);
#3183 = EDGE_CURVE('',#3154,#3074,#3184,.T.);
#3184 = LINE('',#3185,#3186);
#3185 = CARTESIAN_POINT('',(0.550545,0.27375866,0.));
#3186 = VECTOR('',#3187,1.);
#3187 = DIRECTION('',(-0.999999999997,2.306805078693E-06,0.));
#3188 = PLANE('',#3189);
#3189 = AXIS2_PLACEMENT_3D('',#3190,#3191,#3192);
#3190 = CARTESIAN_POINT('',(0.550545,0.27375866,0.));
#3191 = DIRECTION('',(-2.306805078693E-06,-0.999999999997,0.));
#3192 = DIRECTION('',(-0.999999999997,2.306805078693E-06,0.));
#3193 = ADVANCED_FACE('',(#3194),#3200,.F.);
#3194 = FACE_BOUND('',#3195,.F.);
#3195 = EDGE_LOOP('',(#3196,#3197,#3198,#3199));
#3196 = ORIENTED_EDGE('',*,*,#3099,.T.);
#3197 = ORIENTED_EDGE('',*,*,#3130,.T.);
#3198 = ORIENTED_EDGE('',*,*,#3161,.T.);
#3199 = ORIENTED_EDGE('',*,*,#3183,.T.);
#3200 = PLANE('',#3201);
#3201 = AXIS2_PLACEMENT_3D('',#3202,#3203,#3204);
#3202 = CARTESIAN_POINT('',(1.270000005595E-06,1.26999999259E-06,0.));
#3203 = DIRECTION('',(0.,0.,1.));
#3204 = DIRECTION('',(1.,0.,-0.));
#3205 = ADVANCED_FACE('',(#3206),#3212,.T.);
#3206 = FACE_BOUND('',#3207,.T.);
#3207 = EDGE_LOOP('',(#3208,#3209,#3210,#3211));
#3208 = ORIENTED_EDGE('',*,*,#3083,.T.);
#3209 = ORIENTED_EDGE('',*,*,#3114,.T.);
#3210 = ORIENTED_EDGE('',*,*,#3145,.T.);
#3211 = ORIENTED_EDGE('',*,*,#3176,.T.);
#3212 = PLANE('',#3213);
#3213 = AXIS2_PLACEMENT_3D('',#3214,#3215,#3216);
#3214 = CARTESIAN_POINT('',(1.270000005595E-06,1.26999999259E-06,0.508)
  );
#3215 = DIRECTION('',(0.,0.,1.));
#3216 = DIRECTION('',(1.,0.,-0.));
#3217 = ( GEOMETRIC_REPRESENTATION_CONTEXT(3) 
GLOBAL_UNCERTAINTY_ASSIGNED_CONTEXT((#3221)) 
GLOBAL_UNIT_ASSIGNED_CONTEXT((#3218,#3219,#3220)) REPRESENTATION_CONTEXT
('Context #1','3D Context with UNIT and UNCERTAINTY') );
#3218 = ( LENGTH_UNIT() NAMED_UNIT(*) SI_UNIT(.MILLI.,.METRE.) );
#3219 = ( NAMED_UNIT(*) PLANE_ANGLE_UNIT() SI_UNIT($,.RADIAN.) );
#3220 = ( NAMED_UNIT(*) SI_UNIT($,.STERADIAN.) SOLID_ANGLE_UNIT() );
#3221 = UNCERTAINTY_MEASURE_WITH_UNIT(LENGTH_MEASURE(1.E-07),#3218,
  'distance_accuracy_value','confusion accuracy');
#3222 = SHAPE_DEFINITION_REPRESENTATION(#3223,#3066);
#3223 = PRODUCT_DEFINITION_SHAPE('','',#3224);
#3224 = PRODUCT_DEFINITION('design','',#3225,#3228);
#3225 = PRODUCT_DEFINITION_FORMATION('','',#3226);
#3226 = PRODUCT('Extruded','Extruded','',(#3227));
#3227 = PRODUCT_CONTEXT('',#2,'mechanical');
#3228 = PRODUCT_DEFINITION_CONTEXT('part definition',#2,'design');
#3229 = CONTEXT_DEPENDENT_SHAPE_REPRESENTATION(#3230,#3232);
#3230 = ( REPRESENTATION_RELATIONSHIP('','',#3066,#3056) 
REPRESENTATION_RELATIONSHIP_WITH_TRANSFORMATION(#3231) 
SHAPE_REPRESENTATION_RELATIONSHIP() );
#3231 = ITEM_DEFINED_TRANSFORMATION('','',#11,#3057);
#3232 = PRODUCT_DEFINITION_SHAPE('Placement','Placement of an item',
  #3233);
#3233 = NEXT_ASSEMBLY_USAGE_OCCURRENCE('7','2','',#3051,#3224,$);
#3234 = PRODUCT_RELATED_PRODUCT_CATEGORY('part',$,(#3226));
#3235 = CONTEXT_DEPENDENT_SHAPE_REPRESENTATION(#3236,#3238);
#3236 = ( REPRESENTATION_RELATIONSHIP('','',#3056,#2839) 
REPRESENTATION_RELATIONSHIP_WITH_TRANSFORMATION(#3237) 
SHAPE_REPRESENTATION_RELATIONSHIP() );
#3237 = ITEM_DEFINED_TRANSFORMATION('','',#11,#2844);
#3238 = PRODUCT_DEFINITION_SHAPE('Placement','Placement of an item',
  #3239);
#3239 = NEXT_ASSEMBLY_USAGE_OCCURRENCE('8','','',#2834,#3051,$);
#3240 = PRODUCT_RELATED_PRODUCT_CATEGORY('part',$,(#3053));
#3241 = SHAPE_DEFINITION_REPRESENTATION(#3242,#3248);
#3242 = PRODUCT_DEFINITION_SHAPE('','',#3243);
#3243 = PRODUCT_DEFINITION('design','',#3244,#3247);
#3244 = PRODUCT_DEFINITION_FORMATION('','',#3245);
#3245 = PRODUCT('6629763008','6629763008','',(#3246));
#3246 = PRODUCT_CONTEXT('',#2,'mechanical');
#3247 = PRODUCT_DEFINITION_CONTEXT('part definition',#2,'design');
#3248 = SHAPE_REPRESENTATION('',(#11,#3249),#3253);
#3249 = AXIS2_PLACEMENT_3D('',#3250,#3251,#3252);
#3250 = CARTESIAN_POINT('',(0.,0.,0.));
#3251 = DIRECTION('',(0.,0.,1.));
#3252 = DIRECTION('',(1.,0.,0.));
#3253 = ( GEOMETRIC_REPRESENTATION_CONTEXT(3) 
GLOBAL_UNCERTAINTY_ASSIGNED_CONTEXT((#3257)) 
GLOBAL_UNIT_ASSIGNED_CONTEXT((#3254,#3255,#3256)) REPRESENTATION_CONTEXT
('Context #1','3D Context with UNIT and UNCERTAINTY') );
#3254 = ( LENGTH_UNIT() NAMED_UNIT(*) SI_UNIT(.MILLI.,.METRE.) );
#3255 = ( NAMED_UNIT(*) PLANE_ANGLE_UNIT() SI_UNIT($,.RADIAN.) );
#3256 = ( NAMED_UNIT(*) SI_UNIT($,.STERADIAN.) SOLID_ANGLE_UNIT() );
#3257 = UNCERTAINTY_MEASURE_WITH_UNIT(LENGTH_MEASURE(1.E-07),#3254,
  'distance_accuracy_value','confusion accuracy');
#3258 = ADVANCED_BREP_SHAPE_REPRESENTATION('',(#11,#3259),#3409);
#3259 = MANIFOLD_SOLID_BREP('',#3260);
#3260 = CLOSED_SHELL('',(#3261,#3301,#3332,#3363,#3385,#3397));
#3261 = ADVANCED_FACE('',(#3262),#3296,.T.);
#3262 = FACE_BOUND('',#3263,.T.);
#3263 = EDGE_LOOP('',(#3264,#3274,#3282,#3290));
#3264 = ORIENTED_EDGE('',*,*,#3265,.T.);
#3265 = EDGE_CURVE('',#3266,#3268,#3270,.T.);
#3266 = VERTEX_POINT('',#3267);
#3267 = CARTESIAN_POINT('',(0.12815824,0.27187652,0.));
#3268 = VERTEX_POINT('',#3269);
#3269 = CARTESIAN_POINT('',(0.12815824,0.27187652,0.50826924));
#3270 = LINE('',#3271,#3272);
#3271 = CARTESIAN_POINT('',(0.12815824,0.27187652,0.));
#3272 = VECTOR('',#3273,1.);
#3273 = DIRECTION('',(0.,0.,1.));
#3274 = ORIENTED_EDGE('',*,*,#3275,.T.);
#3275 = EDGE_CURVE('',#3268,#3276,#3278,.T.);
#3276 = VERTEX_POINT('',#3277);
#3277 = CARTESIAN_POINT('',(0.12815824,-0.27187398,0.50826924));
#3278 = LINE('',#3279,#3280);
#3279 = CARTESIAN_POINT('',(0.12815824,0.27187652,0.50826924));
#3280 = VECTOR('',#3281,1.);
#3281 = DIRECTION('',(0.,-1.,0.));
#3282 = ORIENTED_EDGE('',*,*,#3283,.F.);
#3283 = EDGE_CURVE('',#3284,#3276,#3286,.T.);
#3284 = VERTEX_POINT('',#3285);
#3285 = CARTESIAN_POINT('',(0.12815824,-0.27187398,0.));
#3286 = LINE('',#3287,#3288);
#3287 = CARTESIAN_POINT('',(0.12815824,-0.27187398,0.));
#3288 = VECTOR('',#3289,1.);
#3289 = DIRECTION('',(0.,0.,1.));
#3290 = ORIENTED_EDGE('',*,*,#3291,.F.);
#3291 = EDGE_CURVE('',#3266,#3284,#3292,.T.);
#3292 = LINE('',#3293,#3294);
#3293 = CARTESIAN_POINT('',(0.12815824,0.27187652,0.));
#3294 = VECTOR('',#3295,1.);
#3295 = DIRECTION('',(0.,-1.,0.));
#3296 = PLANE('',#3297);
#3297 = AXIS2_PLACEMENT_3D('',#3298,#3299,#3300);
#3298 = CARTESIAN_POINT('',(0.12815824,0.27187652,0.));
#3299 = DIRECTION('',(1.,0.,-0.));
#3300 = DIRECTION('',(0.,-1.,0.));
#3301 = ADVANCED_FACE('',(#3302),#3327,.T.);
#3302 = FACE_BOUND('',#3303,.T.);
#3303 = EDGE_LOOP('',(#3304,#3305,#3313,#3321));
#3304 = ORIENTED_EDGE('',*,*,#3283,.T.);
#3305 = ORIENTED_EDGE('',*,*,#3306,.T.);
#3306 = EDGE_CURVE('',#3276,#3307,#3309,.T.);
#3307 = VERTEX_POINT('',#3308);
#3308 = CARTESIAN_POINT('',(-0.12815824,-0.27187398,0.50826924));
#3309 = LINE('',#3310,#3311);
#3310 = CARTESIAN_POINT('',(0.12815824,-0.27187398,0.50826924));
#3311 = VECTOR('',#3312,1.);
#3312 = DIRECTION('',(-1.,0.,0.));
#3313 = ORIENTED_EDGE('',*,*,#3314,.F.);
#3314 = EDGE_CURVE('',#3315,#3307,#3317,.T.);
#3315 = VERTEX_POINT('',#3316);
#3316 = CARTESIAN_POINT('',(-0.12815824,-0.27187398,0.));
#3317 = LINE('',#3318,#3319);
#3318 = CARTESIAN_POINT('',(-0.12815824,-0.27187398,0.));
#3319 = VECTOR('',#3320,1.);
#3320 = DIRECTION('',(0.,0.,1.));
#3321 = ORIENTED_EDGE('',*,*,#3322,.F.);
#3322 = EDGE_CURVE('',#3284,#3315,#3323,.T.);
#3323 = LINE('',#3324,#3325);
#3324 = CARTESIAN_POINT('',(0.12815824,-0.27187398,0.));
#3325 = VECTOR('',#3326,1.);
#3326 = DIRECTION('',(-1.,0.,0.));
#3327 = PLANE('',#3328);
#3328 = AXIS2_PLACEMENT_3D('',#3329,#3330,#3331);
#3329 = CARTESIAN_POINT('',(0.12815824,-0.27187398,0.));
#3330 = DIRECTION('',(0.,-1.,0.));
#3331 = DIRECTION('',(-1.,0.,0.));
#3332 = ADVANCED_FACE('',(#3333),#3358,.T.);
#3333 = FACE_BOUND('',#3334,.T.);
#3334 = EDGE_LOOP('',(#3335,#3336,#3344,#3352));
#3335 = ORIENTED_EDGE('',*,*,#3314,.T.);
#3336 = ORIENTED_EDGE('',*,*,#3337,.T.);
#3337 = EDGE_CURVE('',#3307,#3338,#3340,.T.);
#3338 = VERTEX_POINT('',#3339);
#3339 = CARTESIAN_POINT('',(-0.12815824,0.27187652,0.50826924));
#3340 = LINE('',#3341,#3342);
#3341 = CARTESIAN_POINT('',(-0.12815824,-0.27187398,0.50826924));
#3342 = VECTOR('',#3343,1.);
#3343 = DIRECTION('',(0.,1.,0.));
#3344 = ORIENTED_EDGE('',*,*,#3345,.F.);
#3345 = EDGE_CURVE('',#3346,#3338,#3348,.T.);
#3346 = VERTEX_POINT('',#3347);
#3347 = CARTESIAN_POINT('',(-0.12815824,0.27187652,0.));
#3348 = LINE('',#3349,#3350);
#3349 = CARTESIAN_POINT('',(-0.12815824,0.27187652,0.));
#3350 = VECTOR('',#3351,1.);
#3351 = DIRECTION('',(0.,0.,1.));
#3352 = ORIENTED_EDGE('',*,*,#3353,.F.);
#3353 = EDGE_CURVE('',#3315,#3346,#3354,.T.);
#3354 = LINE('',#3355,#3356);
#3355 = CARTESIAN_POINT('',(-0.12815824,-0.27187398,0.));
#3356 = VECTOR('',#3357,1.);
#3357 = DIRECTION('',(0.,1.,0.));
#3358 = PLANE('',#3359);
#3359 = AXIS2_PLACEMENT_3D('',#3360,#3361,#3362);
#3360 = CARTESIAN_POINT('',(-0.12815824,-0.27187398,0.));
#3361 = DIRECTION('',(-1.,0.,0.));
#3362 = DIRECTION('',(0.,1.,0.));
#3363 = ADVANCED_FACE('',(#3364),#3380,.T.);
#3364 = FACE_BOUND('',#3365,.T.);
#3365 = EDGE_LOOP('',(#3366,#3367,#3373,#3374));
#3366 = ORIENTED_EDGE('',*,*,#3345,.T.);
#3367 = ORIENTED_EDGE('',*,*,#3368,.T.);
#3368 = EDGE_CURVE('',#3338,#3268,#3369,.T.);
#3369 = LINE('',#3370,#3371);
#3370 = CARTESIAN_POINT('',(-0.12815824,0.27187652,0.50826924));
#3371 = VECTOR('',#3372,1.);
#3372 = DIRECTION('',(1.,0.,0.));
#3373 = ORIENTED_EDGE('',*,*,#3265,.F.);
#3374 = ORIENTED_EDGE('',*,*,#3375,.F.);
#3375 = EDGE_CURVE('',#3346,#3266,#3376,.T.);
#3376 = LINE('',#3377,#3378);
#3377 = CARTESIAN_POINT('',(-0.12815824,0.27187652,0.));
#3378 = VECTOR('',#3379,1.);
#3379 = DIRECTION('',(1.,0.,0.));
#3380 = PLANE('',#3381);
#3381 = AXIS2_PLACEMENT_3D('',#3382,#3383,#3384);
#3382 = CARTESIAN_POINT('',(-0.12815824,0.27187652,0.));
#3383 = DIRECTION('',(0.,1.,0.));
#3384 = DIRECTION('',(1.,0.,0.));
#3385 = ADVANCED_FACE('',(#3386),#3392,.T.);
#3386 = FACE_BOUND('',#3387,.T.);
#3387 = EDGE_LOOP('',(#3388,#3389,#3390,#3391));
#3388 = ORIENTED_EDGE('',*,*,#3291,.T.);
#3389 = ORIENTED_EDGE('',*,*,#3322,.T.);
#3390 = ORIENTED_EDGE('',*,*,#3353,.T.);
#3391 = ORIENTED_EDGE('',*,*,#3375,.T.);
#3392 = PLANE('',#3393);
#3393 = AXIS2_PLACEMENT_3D('',#3394,#3395,#3396);
#3394 = CARTESIAN_POINT('',(8.672891242065E-18,1.270000005604E-06,0.));
#3395 = DIRECTION('',(-0.,-0.,-1.));
#3396 = DIRECTION('',(-1.,0.,0.));
#3397 = ADVANCED_FACE('',(#3398),#3404,.F.);
#3398 = FACE_BOUND('',#3399,.F.);
#3399 = EDGE_LOOP('',(#3400,#3401,#3402,#3403));
#3400 = ORIENTED_EDGE('',*,*,#3275,.T.);
#3401 = ORIENTED_EDGE('',*,*,#3306,.T.);
#3402 = ORIENTED_EDGE('',*,*,#3337,.T.);
#3403 = ORIENTED_EDGE('',*,*,#3368,.T.);
#3404 = PLANE('',#3405);
#3405 = AXIS2_PLACEMENT_3D('',#3406,#3407,#3408);
#3406 = CARTESIAN_POINT('',(8.672891242065E-18,1.270000005604E-06,
    0.50826924));
#3407 = DIRECTION('',(-0.,-0.,-1.));
#3408 = DIRECTION('',(-1.,0.,0.));
#3409 = ( GEOMETRIC_REPRESENTATION_CONTEXT(3) 
GLOBAL_UNCERTAINTY_ASSIGNED_CONTEXT((#3413)) 
GLOBAL_UNIT_ASSIGNED_CONTEXT((#3410,#3411,#3412)) REPRESENTATION_CONTEXT
('Context #1','3D Context with UNIT and UNCERTAINTY') );
#3410 = ( LENGTH_UNIT() NAMED_UNIT(*) SI_UNIT(.MILLI.,.METRE.) );
#3411 = ( NAMED_UNIT(*) PLANE_ANGLE_UNIT() SI_UNIT($,.RADIAN.) );
#3412 = ( NAMED_UNIT(*) SI_UNIT($,.STERADIAN.) SOLID_ANGLE_UNIT() );
#3413 = UNCERTAINTY_MEASURE_WITH_UNIT(LENGTH_MEASURE(1.E-07),#3410,
  'distance_accuracy_value','confusion accuracy');
#3414 = SHAPE_DEFINITION_REPRESENTATION(#3415,#3258);
#3415 = PRODUCT_DEFINITION_SHAPE('','',#3416);
#3416 = PRODUCT_DEFINITION('design','',#3417,#3420);
#3417 = PRODUCT_DEFINITION_FORMATION('','',#3418);
#3418 = PRODUCT('Extruded','Extruded','',(#3419));
#3419 = PRODUCT_CONTEXT('',#2,'mechanical');
#3420 = PRODUCT_DEFINITION_CONTEXT('part definition',#2,'design');
#3421 = CONTEXT_DEPENDENT_SHAPE_REPRESENTATION(#3422,#3424);
#3422 = ( REPRESENTATION_RELATIONSHIP('','',#3258,#3248) 
REPRESENTATION_RELATIONSHIP_WITH_TRANSFORMATION(#3423) 
SHAPE_REPRESENTATION_RELATIONSHIP() );
#3423 = ITEM_DEFINED_TRANSFORMATION('','',#11,#3249);
#3424 = PRODUCT_DEFINITION_SHAPE('Placement','Placement of an item',
  #3425);
#3425 = NEXT_ASSEMBLY_USAGE_OCCURRENCE('9','3','',#3243,#3416,$);
#3426 = PRODUCT_RELATED_PRODUCT_CATEGORY('part',$,(#3418));
#3427 = CONTEXT_DEPENDENT_SHAPE_REPRESENTATION(#3428,#3430);
#3428 = ( REPRESENTATION_RELATIONSHIP('','',#3248,#2839) 
REPRESENTATION_RELATIONSHIP_WITH_TRANSFORMATION(#3429) 
SHAPE_REPRESENTATION_RELATIONSHIP() );
#3429 = ITEM_DEFINED_TRANSFORMATION('','',#11,#2848);
#3430 = PRODUCT_DEFINITION_SHAPE('Placement','Placement of an item',
  #3431);
#3431 = NEXT_ASSEMBLY_USAGE_OCCURRENCE('10','','',#2834,#3243,$);
#3432 = PRODUCT_RELATED_PRODUCT_CATEGORY('part',$,(#3245));
#3433 = CONTEXT_DEPENDENT_SHAPE_REPRESENTATION(#3434,#3436);
#3434 = ( REPRESENTATION_RELATIONSHIP('','',#2839,#10) 
REPRESENTATION_RELATIONSHIP_WITH_TRANSFORMATION(#3435) 
SHAPE_REPRESENTATION_RELATIONSHIP() );
#3435 = ITEM_DEFINED_TRANSFORMATION('','',#11,#23);
#3436 = PRODUCT_DEFINITION_SHAPE('Placement','Placement of an item',
  #3437);
#3437 = NEXT_ASSEMBLY_USAGE_OCCURRENCE('11','','',#5,#2834,$);
#3438 = PRODUCT_RELATED_PRODUCT_CATEGORY('part',$,(#2836));
#3439 = SHAPE_DEFINITION_REPRESENTATION(#3440,#3446);
#3440 = PRODUCT_DEFINITION_SHAPE('','',#3441);
#3441 = PRODUCT_DEFINITION('design','',#3442,#3445);
#3442 = PRODUCT_DEFINITION_FORMATION('','',#3443);
#3443 = PRODUCT('C5','C5','',(#3444));
#3444 = PRODUCT_CONTEXT('',#2,'mechanical');
#3445 = PRODUCT_DEFINITION_CONTEXT('part definition',#2,'design');
#3446 = SHAPE_REPRESENTATION('',(#11,#3447,#3451,#3455),#3459);
#3447 = AXIS2_PLACEMENT_3D('',#3448,#3449,#3450);
#3448 = CARTESIAN_POINT('',(8.087478872363,4.619632631094,0.));
#3449 = DIRECTION('',(0.,0.,1.));
#3450 = DIRECTION('',(1.,0.,0.));
#3451 = AXIS2_PLACEMENT_3D('',#3452,#3453,#3454);
#3452 = CARTESIAN_POINT('',(8.512642141406,4.621261506826,0.));
#3453 = DIRECTION('',(0.,0.,1.));
#3454 = DIRECTION('',(1.,0.,0.));
#3455 = AXIS2_PLACEMENT_3D('',#3456,#3457,#3458);
#3456 = CARTESIAN_POINT('',(8.934318777148,4.619377046377,
    1.000759541057E-03));
#3457 = DIRECTION('',(0.,0.,1.));
#3458 = DIRECTION('',(1.,0.,0.));
#3459 = ( GEOMETRIC_REPRESENTATION_CONTEXT(3) 
GLOBAL_UNCERTAINTY_ASSIGNED_CONTEXT((#3463)) 
GLOBAL_UNIT_ASSIGNED_CONTEXT((#3460,#3461,#3462)) REPRESENTATION_CONTEXT
('Context #1','3D Context with UNIT and UNCERTAINTY') );
#3460 = ( LENGTH_UNIT() NAMED_UNIT(*) SI_UNIT(.MILLI.,.METRE.) );
#3461 = ( NAMED_UNIT(*) PLANE_ANGLE_UNIT() SI_UNIT($,.RADIAN.) );
#3462 = ( NAMED_UNIT(*) SI_UNIT($,.STERADIAN.) SOLID_ANGLE_UNIT() );
#3463 = UNCERTAINTY_MEASURE_WITH_UNIT(LENGTH_MEASURE(1.E-07),#3460,
  'distance_accuracy_value','confusion accuracy');
#3464 = CONTEXT_DEPENDENT_SHAPE_REPRESENTATION(#3465,#3467);
#3465 = ( REPRESENTATION_RELATIONSHIP('','',#2864,#3446) 
REPRESENTATION_RELATIONSHIP_WITH_TRANSFORMATION(#3466) 
SHAPE_REPRESENTATION_RELATIONSHIP() );
#3466 = ITEM_DEFINED_TRANSFORMATION('','',#11,#3447);
#3467 = PRODUCT_DEFINITION_SHAPE('Placement','Placement of an item',
  #3468);
#3468 = NEXT_ASSEMBLY_USAGE_OCCURRENCE('12','','',#3441,#2859,$);
#3469 = CONTEXT_DEPENDENT_SHAPE_REPRESENTATION(#3470,#3472);
#3470 = ( REPRESENTATION_RELATIONSHIP('','',#3056,#3446) 
REPRESENTATION_RELATIONSHIP_WITH_TRANSFORMATION(#3471) 
SHAPE_REPRESENTATION_RELATIONSHIP() );
#3471 = ITEM_DEFINED_TRANSFORMATION('','',#11,#3451);
#3472 = PRODUCT_DEFINITION_SHAPE('Placement','Placement of an item',
  #3473);
#3473 = NEXT_ASSEMBLY_USAGE_OCCURRENCE('13','','',#3441,#3051,$);
#3474 = CONTEXT_DEPENDENT_SHAPE_REPRESENTATION(#3475,#3477);
#3475 = ( REPRESENTATION_RELATIONSHIP('','',#3248,#3446) 
REPRESENTATION_RELATIONSHIP_WITH_TRANSFORMATION(#3476) 
SHAPE_REPRESENTATION_RELATIONSHIP() );
#3476 = ITEM_DEFINED_TRANSFORMATION('','',#11,#3455);
#3477 = PRODUCT_DEFINITION_SHAPE('Placement','Placement of an item',
  #3478);
#3478 = NEXT_ASSEMBLY_USAGE_OCCURRENCE('14','','',#3441,#3243,$);
#3479 = CONTEXT_DEPENDENT_SHAPE_REPRESENTATION(#3480,#3482);
#3480 = ( REPRESENTATION_RELATIONSHIP('','',#3446,#10) 
REPRESENTATION_RELATIONSHIP_WITH_TRANSFORMATION(#3481) 
SHAPE_REPRESENTATION_RELATIONSHIP() );
#3481 = ITEM_DEFINED_TRANSFORMATION('','',#11,#27);
#3482 = PRODUCT_DEFINITION_SHAPE('Placement','Placement of an item',
  #3483);
#3483 = NEXT_ASSEMBLY_USAGE_OCCURRENCE('15','','',#5,#3441,$);
#3484 = PRODUCT_RELATED_PRODUCT_CATEGORY('part',$,(#3443));
#3485 = SHAPE_DEFINITION_REPRESENTATION(#3486,#3492);
#3486 = PRODUCT_DEFINITION_SHAPE('','',#3487);
#3487 = PRODUCT_DEFINITION('design','',#3488,#3491);
#3488 = PRODUCT_DEFINITION_FORMATION('','',#3489);
#3489 = PRODUCT('C14','C14','',(#3490));
#3490 = PRODUCT_CONTEXT('',#2,'mechanical');
#3491 = PRODUCT_DEFINITION_CONTEXT('part definition',#2,'design');
#3492 = SHAPE_REPRESENTATION('',(#11,#3493,#3497,#3501),#3505);
#3493 = AXIS2_PLACEMENT_3D('',#3494,#3495,#3496);
#3494 = CARTESIAN_POINT('',(5.677246328418,15.125858217031,0.));
#3495 = DIRECTION('',(0.,0.,1.));
#3496 = DIRECTION('',(1.,0.,0.));
#3497 = AXIS2_PLACEMENT_3D('',#3498,#3499,#3500);
#3498 = CARTESIAN_POINT('',(5.252083059375,15.124225526602,0.));
#3499 = DIRECTION('',(0.,0.,1.));
#3500 = DIRECTION('',(1.,0.,0.));
#3501 = AXIS2_PLACEMENT_3D('',#3502,#3503,#3504);
#3502 = CARTESIAN_POINT('',(4.830406423633,15.126109987051,
    1.000759541057E-03));
#3503 = DIRECTION('',(0.,0.,1.));
#3504 = DIRECTION('',(1.,0.,0.));
#3505 = ( GEOMETRIC_REPRESENTATION_CONTEXT(3) 
GLOBAL_UNCERTAINTY_ASSIGNED_CONTEXT((#3509)) 
GLOBAL_UNIT_ASSIGNED_CONTEXT((#3506,#3507,#3508)) REPRESENTATION_CONTEXT
('Context #1','3D Context with UNIT and UNCERTAINTY') );
#3506 = ( LENGTH_UNIT() NAMED_UNIT(*) SI_UNIT(.MILLI.,.METRE.) );
#3507 = ( NAMED_UNIT(*) PLANE_ANGLE_UNIT() SI_UNIT($,.RADIAN.) );
#3508 = ( NAMED_UNIT(*) SI_UNIT($,.STERADIAN.) SOLID_ANGLE_UNIT() );
#3509 = UNCERTAINTY_MEASURE_WITH_UNIT(LENGTH_MEASURE(1.E-07),#3506,
  'distance_accuracy_value','confusion accuracy');
#3510 = CONTEXT_DEPENDENT_SHAPE_REPRESENTATION(#3511,#3513);
#3511 = ( REPRESENTATION_RELATIONSHIP('','',#2864,#3492) 
REPRESENTATION_RELATIONSHIP_WITH_TRANSFORMATION(#3512) 
SHAPE_REPRESENTATION_RELATIONSHIP() );
#3512 = ITEM_DEFINED_TRANSFORMATION('','',#11,#3493);
#3513 = PRODUCT_DEFINITION_SHAPE('Placement','Placement of an item',
  #3514);
#3514 = NEXT_ASSEMBLY_USAGE_OCCURRENCE('16','','',#3487,#2859,$);
#3515 = CONTEXT_DEPENDENT_SHAPE_REPRESENTATION(#3516,#3518);
#3516 = ( REPRESENTATION_RELATIONSHIP('','',#3056,#3492) 
REPRESENTATION_RELATIONSHIP_WITH_TRANSFORMATION(#3517) 
SHAPE_REPRESENTATION_RELATIONSHIP() );
#3517 = ITEM_DEFINED_TRANSFORMATION('','',#11,#3497);
#3518 = PRODUCT_DEFINITION_SHAPE('Placement','Placement of an item',
  #3519);
#3519 = NEXT_ASSEMBLY_USAGE_OCCURRENCE('17','','',#3487,#3051,$);
#3520 = CONTEXT_DEPENDENT_SHAPE_REPRESENTATION(#3521,#3523);
#3521 = ( REPRESENTATION_RELATIONSHIP('','',#3248,#3492) 
REPRESENTATION_RELATIONSHIP_WITH_TRANSFORMATION(#3522) 
SHAPE_REPRESENTATION_RELATIONSHIP() );
#3522 = ITEM_DEFINED_TRANSFORMATION('','',#11,#3501);
#3523 = PRODUCT_DEFINITION_SHAPE('Placement','Placement of an item',
  #3524);
#3524 = NEXT_ASSEMBLY_USAGE_OCCURRENCE('18','','',#3487,#3243,$);
#3525 = CONTEXT_DEPENDENT_SHAPE_REPRESENTATION(#3526,#3528);
#3526 = ( REPRESENTATION_RELATIONSHIP('','',#3492,#10) 
REPRESENTATION_RELATIONSHIP_WITH_TRANSFORMATION(#3527) 
SHAPE_REPRESENTATION_RELATIONSHIP() );
#3527 = ITEM_DEFINED_TRANSFORMATION('','',#11,#31);
#3528 = PRODUCT_DEFINITION_SHAPE('Placement','Placement of an item',
  #3529);
#3529 = NEXT_ASSEMBLY_USAGE_OCCURRENCE('19','','',#5,#3487,$);
#3530 = PRODUCT_RELATED_PRODUCT_CATEGORY('part',$,(#3489));
#3531 = SHAPE_DEFINITION_REPRESENTATION(#3532,#3538);
#3532 = PRODUCT_DEFINITION_SHAPE('','',#3533);
#3533 = PRODUCT_DEFINITION('design','',#3534,#3537);
#3534 = PRODUCT_DEFINITION_FORMATION('','',#3535);
#3535 = PRODUCT('U12','U12','',(#3536));
#3536 = PRODUCT_CONTEXT('',#2,'mechanical');
#3537 = PRODUCT_DEFINITION_CONTEXT('part definition',#2,'design');
#3538 = SHAPE_REPRESENTATION('',(#11,#3539),#3543);
#3539 = AXIS2_PLACEMENT_3D('',#3540,#3541,#3542);
#3540 = CARTESIAN_POINT('',(2.354072805469,13.836398988516,
    0.249999374151));
#3541 = DIRECTION('',(0.,0.,1.));
#3542 = DIRECTION('',(1.,0.,0.));
#3543 = ( GEOMETRIC_REPRESENTATION_CONTEXT(3) 
GLOBAL_UNCERTAINTY_ASSIGNED_CONTEXT((#3547)) 
GLOBAL_UNIT_ASSIGNED_CONTEXT((#3544,#3545,#3546)) REPRESENTATION_CONTEXT
('Context #1','3D Context with UNIT and UNCERTAINTY') );
#3544 = ( LENGTH_UNIT() NAMED_UNIT(*) SI_UNIT(.MILLI.,.METRE.) );
#3545 = ( NAMED_UNIT(*) PLANE_ANGLE_UNIT() SI_UNIT($,.RADIAN.) );
#3546 = ( NAMED_UNIT(*) SI_UNIT($,.STERADIAN.) SOLID_ANGLE_UNIT() );
#3547 = UNCERTAINTY_MEASURE_WITH_UNIT(LENGTH_MEASURE(1.E-07),#3544,
  'distance_accuracy_value','confusion accuracy');
#3548 = SHAPE_DEFINITION_REPRESENTATION(#3549,#3555);
#3549 = PRODUCT_DEFINITION_SHAPE('','',#3550);
#3550 = PRODUCT_DEFINITION('design','',#3551,#3554);
#3551 = PRODUCT_DEFINITION_FORMATION('','',#3552);
#3552 = PRODUCT('6629761008','6629761008','',(#3553));
#3553 = PRODUCT_CONTEXT('',#2,'mechanical');
#3554 = PRODUCT_DEFINITION_CONTEXT('part definition',#2,'design');
#3555 = SHAPE_REPRESENTATION('',(#11,#3556),#3560);
#3556 = AXIS2_PLACEMENT_3D('',#3557,#3558,#3559);
#3557 = CARTESIAN_POINT('',(0.,0.,0.));
#3558 = DIRECTION('',(0.,0.,1.));
#3559 = DIRECTION('',(1.,0.,0.));
#3560 = ( GEOMETRIC_REPRESENTATION_CONTEXT(3) 
GLOBAL_UNCERTAINTY_ASSIGNED_CONTEXT((#3564)) 
GLOBAL_UNIT_ASSIGNED_CONTEXT((#3561,#3562,#3563)) REPRESENTATION_CONTEXT
('Context #1','3D Context with UNIT and UNCERTAINTY') );
#3561 = ( LENGTH_UNIT() NAMED_UNIT(*) SI_UNIT(.MILLI.,.METRE.) );
#3562 = ( NAMED_UNIT(*) PLANE_ANGLE_UNIT() SI_UNIT($,.RADIAN.) );
#3563 = ( NAMED_UNIT(*) SI_UNIT($,.STERADIAN.) SOLID_ANGLE_UNIT() );
#3564 = UNCERTAINTY_MEASURE_WITH_UNIT(LENGTH_MEASURE(1.E-07),#3561,
  'distance_accuracy_value','confusion accuracy');
#3565 = ADVANCED_BREP_SHAPE_REPRESENTATION('',(#11,#3566),#3716);
#3566 = MANIFOLD_SOLID_BREP('',#3567);
#3567 = CLOSED_SHELL('',(#3568,#3608,#3639,#3670,#3692,#3704));
#3568 = ADVANCED_FACE('',(#3569),#3603,.T.);
#3569 = FACE_BOUND('',#3570,.T.);
#3570 = EDGE_LOOP('',(#3571,#3581,#3589,#3597));
#3571 = ORIENTED_EDGE('',*,*,#3572,.T.);
#3572 = EDGE_CURVE('',#3573,#3575,#3577,.T.);
#3573 = VERTEX_POINT('',#3574);
#3574 = CARTESIAN_POINT('',(-0.87499952,-1.52499822,0.));
#3575 = VERTEX_POINT('',#3576);
#3576 = CARTESIAN_POINT('',(-0.87499952,-1.52499822,1.20000014));
#3577 = LINE('',#3578,#3579);
#3578 = CARTESIAN_POINT('',(-0.87499952,-1.52499822,0.));
#3579 = VECTOR('',#3580,1.);
#3580 = DIRECTION('',(0.,0.,1.));
#3581 = ORIENTED_EDGE('',*,*,#3582,.T.);
#3582 = EDGE_CURVE('',#3575,#3583,#3585,.T.);
#3583 = VERTEX_POINT('',#3584);
#3584 = CARTESIAN_POINT('',(-0.87499952,1.52500076,1.20000014));
#3585 = LINE('',#3586,#3587);
#3586 = CARTESIAN_POINT('',(-0.87499952,-1.52499822,1.20000014));
#3587 = VECTOR('',#3588,1.);
#3588 = DIRECTION('',(0.,1.,0.));
#3589 = ORIENTED_EDGE('',*,*,#3590,.F.);
#3590 = EDGE_CURVE('',#3591,#3583,#3593,.T.);
#3591 = VERTEX_POINT('',#3592);
#3592 = CARTESIAN_POINT('',(-0.87499952,1.52500076,0.));
#3593 = LINE('',#3594,#3595);
#3594 = CARTESIAN_POINT('',(-0.87499952,1.52500076,0.));
#3595 = VECTOR('',#3596,1.);
#3596 = DIRECTION('',(0.,0.,1.));
#3597 = ORIENTED_EDGE('',*,*,#3598,.F.);
#3598 = EDGE_CURVE('',#3573,#3591,#3599,.T.);
#3599 = LINE('',#3600,#3601);
#3600 = CARTESIAN_POINT('',(-0.87499952,-1.52499822,0.));
#3601 = VECTOR('',#3602,1.);
#3602 = DIRECTION('',(0.,1.,0.));
#3603 = PLANE('',#3604);
#3604 = AXIS2_PLACEMENT_3D('',#3605,#3606,#3607);
#3605 = CARTESIAN_POINT('',(-0.87499952,-1.52499822,0.));
#3606 = DIRECTION('',(-1.,0.,0.));
#3607 = DIRECTION('',(0.,1.,0.));
#3608 = ADVANCED_FACE('',(#3609),#3634,.T.);
#3609 = FACE_BOUND('',#3610,.T.);
#3610 = EDGE_LOOP('',(#3611,#3612,#3620,#3628));
#3611 = ORIENTED_EDGE('',*,*,#3590,.T.);
#3612 = ORIENTED_EDGE('',*,*,#3613,.T.);
#3613 = EDGE_CURVE('',#3583,#3614,#3616,.T.);
#3614 = VERTEX_POINT('',#3615);
#3615 = CARTESIAN_POINT('',(0.87500206,1.52500076,1.20000014));
#3616 = LINE('',#3617,#3618);
#3617 = CARTESIAN_POINT('',(-0.87499952,1.52500076,1.20000014));
#3618 = VECTOR('',#3619,1.);
#3619 = DIRECTION('',(1.,0.,0.));
#3620 = ORIENTED_EDGE('',*,*,#3621,.F.);
#3621 = EDGE_CURVE('',#3622,#3614,#3624,.T.);
#3622 = VERTEX_POINT('',#3623);
#3623 = CARTESIAN_POINT('',(0.87500206,1.52500076,0.));
#3624 = LINE('',#3625,#3626);
#3625 = CARTESIAN_POINT('',(0.87500206,1.52500076,0.));
#3626 = VECTOR('',#3627,1.);
#3627 = DIRECTION('',(0.,0.,1.));
#3628 = ORIENTED_EDGE('',*,*,#3629,.F.);
#3629 = EDGE_CURVE('',#3591,#3622,#3630,.T.);
#3630 = LINE('',#3631,#3632);
#3631 = CARTESIAN_POINT('',(-0.87499952,1.52500076,0.));
#3632 = VECTOR('',#3633,1.);
#3633 = DIRECTION('',(1.,0.,0.));
#3634 = PLANE('',#3635);
#3635 = AXIS2_PLACEMENT_3D('',#3636,#3637,#3638);
#3636 = CARTESIAN_POINT('',(-0.87499952,1.52500076,0.));
#3637 = DIRECTION('',(0.,1.,0.));
#3638 = DIRECTION('',(1.,0.,0.));
#3639 = ADVANCED_FACE('',(#3640),#3665,.T.);
#3640 = FACE_BOUND('',#3641,.T.);
#3641 = EDGE_LOOP('',(#3642,#3643,#3651,#3659));
#3642 = ORIENTED_EDGE('',*,*,#3621,.T.);
#3643 = ORIENTED_EDGE('',*,*,#3644,.T.);
#3644 = EDGE_CURVE('',#3614,#3645,#3647,.T.);
#3645 = VERTEX_POINT('',#3646);
#3646 = CARTESIAN_POINT('',(0.87500206,-1.52499822,1.20000014));
#3647 = LINE('',#3648,#3649);
#3648 = CARTESIAN_POINT('',(0.87500206,1.52500076,1.20000014));
#3649 = VECTOR('',#3650,1.);
#3650 = DIRECTION('',(0.,-1.,0.));
#3651 = ORIENTED_EDGE('',*,*,#3652,.F.);
#3652 = EDGE_CURVE('',#3653,#3645,#3655,.T.);
#3653 = VERTEX_POINT('',#3654);
#3654 = CARTESIAN_POINT('',(0.87500206,-1.52499822,0.));
#3655 = LINE('',#3656,#3657);
#3656 = CARTESIAN_POINT('',(0.87500206,-1.52499822,0.));
#3657 = VECTOR('',#3658,1.);
#3658 = DIRECTION('',(0.,0.,1.));
#3659 = ORIENTED_EDGE('',*,*,#3660,.F.);
#3660 = EDGE_CURVE('',#3622,#3653,#3661,.T.);
#3661 = LINE('',#3662,#3663);
#3662 = CARTESIAN_POINT('',(0.87500206,1.52500076,0.));
#3663 = VECTOR('',#3664,1.);
#3664 = DIRECTION('',(0.,-1.,0.));
#3665 = PLANE('',#3666);
#3666 = AXIS2_PLACEMENT_3D('',#3667,#3668,#3669);
#3667 = CARTESIAN_POINT('',(0.87500206,1.52500076,0.));
#3668 = DIRECTION('',(1.,0.,-0.));
#3669 = DIRECTION('',(0.,-1.,0.));
#3670 = ADVANCED_FACE('',(#3671),#3687,.T.);
#3671 = FACE_BOUND('',#3672,.T.);
#3672 = EDGE_LOOP('',(#3673,#3674,#3680,#3681));
#3673 = ORIENTED_EDGE('',*,*,#3652,.T.);
#3674 = ORIENTED_EDGE('',*,*,#3675,.T.);
#3675 = EDGE_CURVE('',#3645,#3575,#3676,.T.);
#3676 = LINE('',#3677,#3678);
#3677 = CARTESIAN_POINT('',(0.87500206,-1.52499822,1.20000014));
#3678 = VECTOR('',#3679,1.);
#3679 = DIRECTION('',(-1.,0.,0.));
#3680 = ORIENTED_EDGE('',*,*,#3572,.F.);
#3681 = ORIENTED_EDGE('',*,*,#3682,.F.);
#3682 = EDGE_CURVE('',#3653,#3573,#3683,.T.);
#3683 = LINE('',#3684,#3685);
#3684 = CARTESIAN_POINT('',(0.87500206,-1.52499822,0.));
#3685 = VECTOR('',#3686,1.);
#3686 = DIRECTION('',(-1.,0.,0.));
#3687 = PLANE('',#3688);
#3688 = AXIS2_PLACEMENT_3D('',#3689,#3690,#3691);
#3689 = CARTESIAN_POINT('',(0.87500206,-1.52499822,0.));
#3690 = DIRECTION('',(0.,-1.,0.));
#3691 = DIRECTION('',(-1.,0.,0.));
#3692 = ADVANCED_FACE('',(#3693),#3699,.T.);
#3693 = FACE_BOUND('',#3694,.T.);
#3694 = EDGE_LOOP('',(#3695,#3696,#3697,#3698));
#3695 = ORIENTED_EDGE('',*,*,#3598,.T.);
#3696 = ORIENTED_EDGE('',*,*,#3629,.T.);
#3697 = ORIENTED_EDGE('',*,*,#3660,.T.);
#3698 = ORIENTED_EDGE('',*,*,#3682,.T.);
#3699 = PLANE('',#3700);
#3700 = AXIS2_PLACEMENT_3D('',#3701,#3702,#3703);
#3701 = CARTESIAN_POINT('',(1.270000005555E-06,1.269999998501E-06,0.));
#3702 = DIRECTION('',(-0.,-0.,-1.));
#3703 = DIRECTION('',(-1.,0.,0.));
#3704 = ADVANCED_FACE('',(#3705),#3711,.F.);
#3705 = FACE_BOUND('',#3706,.F.);
#3706 = EDGE_LOOP('',(#3707,#3708,#3709,#3710));
#3707 = ORIENTED_EDGE('',*,*,#3582,.T.);
#3708 = ORIENTED_EDGE('',*,*,#3613,.T.);
#3709 = ORIENTED_EDGE('',*,*,#3644,.T.);
#3710 = ORIENTED_EDGE('',*,*,#3675,.T.);
#3711 = PLANE('',#3712);
#3712 = AXIS2_PLACEMENT_3D('',#3713,#3714,#3715);
#3713 = CARTESIAN_POINT('',(1.270000005555E-06,1.269999998501E-06,
    1.20000014));
#3714 = DIRECTION('',(-0.,-0.,-1.));
#3715 = DIRECTION('',(-1.,0.,0.));
#3716 = ( GEOMETRIC_REPRESENTATION_CONTEXT(3) 
GLOBAL_UNCERTAINTY_ASSIGNED_CONTEXT((#3720)) 
GLOBAL_UNIT_ASSIGNED_CONTEXT((#3717,#3718,#3719)) REPRESENTATION_CONTEXT
('Context #1','3D Context with UNIT and UNCERTAINTY') );
#3717 = ( LENGTH_UNIT() NAMED_UNIT(*) SI_UNIT(.MILLI.,.METRE.) );
#3718 = ( NAMED_UNIT(*) PLANE_ANGLE_UNIT() SI_UNIT($,.RADIAN.) );
#3719 = ( NAMED_UNIT(*) SI_UNIT($,.STERADIAN.) SOLID_ANGLE_UNIT() );
#3720 = UNCERTAINTY_MEASURE_WITH_UNIT(LENGTH_MEASURE(1.E-07),#3717,
  'distance_accuracy_value','confusion accuracy');
#3721 = SHAPE_DEFINITION_REPRESENTATION(#3722,#3565);
#3722 = PRODUCT_DEFINITION_SHAPE('','',#3723);
#3723 = PRODUCT_DEFINITION('design','',#3724,#3727);
#3724 = PRODUCT_DEFINITION_FORMATION('','',#3725);
#3725 = PRODUCT('Extruded','Extruded','',(#3726));
#3726 = PRODUCT_CONTEXT('',#2,'mechanical');
#3727 = PRODUCT_DEFINITION_CONTEXT('part definition',#2,'design');
#3728 = CONTEXT_DEPENDENT_SHAPE_REPRESENTATION(#3729,#3731);
#3729 = ( REPRESENTATION_RELATIONSHIP('','',#3565,#3555) 
REPRESENTATION_RELATIONSHIP_WITH_TRANSFORMATION(#3730) 
SHAPE_REPRESENTATION_RELATIONSHIP() );
#3730 = ITEM_DEFINED_TRANSFORMATION('','',#11,#3556);
#3731 = PRODUCT_DEFINITION_SHAPE('Placement','Placement of an item',
  #3732);
#3732 = NEXT_ASSEMBLY_USAGE_OCCURRENCE('20','6','',#3550,#3723,$);
#3733 = PRODUCT_RELATED_PRODUCT_CATEGORY('part',$,(#3725));
#3734 = CONTEXT_DEPENDENT_SHAPE_REPRESENTATION(#3735,#3737);
#3735 = ( REPRESENTATION_RELATIONSHIP('','',#3555,#3538) 
REPRESENTATION_RELATIONSHIP_WITH_TRANSFORMATION(#3736) 
SHAPE_REPRESENTATION_RELATIONSHIP() );
#3736 = ITEM_DEFINED_TRANSFORMATION('','',#11,#3539);
#3737 = PRODUCT_DEFINITION_SHAPE('Placement','Placement of an item',
  #3738);
#3738 = NEXT_ASSEMBLY_USAGE_OCCURRENCE('21','','',#3533,#3550,$);
#3739 = PRODUCT_RELATED_PRODUCT_CATEGORY('part',$,(#3552));
#3740 = CONTEXT_DEPENDENT_SHAPE_REPRESENTATION(#3741,#3743);
#3741 = ( REPRESENTATION_RELATIONSHIP('','',#3538,#10) 
REPRESENTATION_RELATIONSHIP_WITH_TRANSFORMATION(#3742) 
SHAPE_REPRESENTATION_RELATIONSHIP() );
#3742 = ITEM_DEFINED_TRANSFORMATION('','',#11,#35);
#3743 = PRODUCT_DEFINITION_SHAPE('Placement','Placement of an item',
  #3744);
#3744 = NEXT_ASSEMBLY_USAGE_OCCURRENCE('22','','',#5,#3533,$);
#3745 = PRODUCT_RELATED_PRODUCT_CATEGORY('part',$,(#3535));
#3746 = SHAPE_DEFINITION_REPRESENTATION(#3747,#3753);
#3747 = PRODUCT_DEFINITION_SHAPE('','',#3748);
#3748 = PRODUCT_DEFINITION('design','',#3749,#3752);
#3749 = PRODUCT_DEFINITION_FORMATION('','',#3750);
#3750 = PRODUCT('C13','C13','',(#3751));
#3751 = PRODUCT_CONTEXT('',#2,'mechanical');
#3752 = PRODUCT_DEFINITION_CONTEXT('part definition',#2,'design');
#3753 = SHAPE_REPRESENTATION('',(#11,#3754),#3758);
#3754 = AXIS2_PLACEMENT_3D('',#3755,#3756,#3757);
#3755 = CARTESIAN_POINT('',(1.824127431934,12.075359254629,0.));
#3756 = DIRECTION('',(-1.528547627352E-14,8.742273394091E-08,-1.));
#3757 = DIRECTION('',(1.,1.748455531469E-07,-3.155443620884E-30));
#3758 = ( GEOMETRIC_REPRESENTATION_CONTEXT(3) 
GLOBAL_UNCERTAINTY_ASSIGNED_CONTEXT((#3762)) 
GLOBAL_UNIT_ASSIGNED_CONTEXT((#3759,#3760,#3761)) REPRESENTATION_CONTEXT
('Context #1','3D Context with UNIT and UNCERTAINTY') );
#3759 = ( LENGTH_UNIT() NAMED_UNIT(*) SI_UNIT(.MILLI.,.METRE.) );
#3760 = ( NAMED_UNIT(*) PLANE_ANGLE_UNIT() SI_UNIT($,.RADIAN.) );
#3761 = ( NAMED_UNIT(*) SI_UNIT($,.STERADIAN.) SOLID_ANGLE_UNIT() );
#3762 = UNCERTAINTY_MEASURE_WITH_UNIT(LENGTH_MEASURE(1.E-07),#3759,
  'distance_accuracy_value','confusion accuracy');
#3763 = CONTEXT_DEPENDENT_SHAPE_REPRESENTATION(#3764,#3766);
#3764 = ( REPRESENTATION_RELATIONSHIP('','',#1529,#3753) 
REPRESENTATION_RELATIONSHIP_WITH_TRANSFORMATION(#3765) 
SHAPE_REPRESENTATION_RELATIONSHIP() );
#3765 = ITEM_DEFINED_TRANSFORMATION('','',#11,#3754);
#3766 = PRODUCT_DEFINITION_SHAPE('Placement','Placement of an item',
  #3767);
#3767 = NEXT_ASSEMBLY_USAGE_OCCURRENCE('23','','',#3748,#2815,$);
#3768 = CONTEXT_DEPENDENT_SHAPE_REPRESENTATION(#3769,#3771);
#3769 = ( REPRESENTATION_RELATIONSHIP('','',#3753,#10) 
REPRESENTATION_RELATIONSHIP_WITH_TRANSFORMATION(#3770) 
SHAPE_REPRESENTATION_RELATIONSHIP() );
#3770 = ITEM_DEFINED_TRANSFORMATION('','',#11,#39);
#3771 = PRODUCT_DEFINITION_SHAPE('Placement','Placement of an item',
  #3772);
#3772 = NEXT_ASSEMBLY_USAGE_OCCURRENCE('24','','',#5,#3748,$);
#3773 = PRODUCT_RELATED_PRODUCT_CATEGORY('part',$,(#3750));
#3774 = SHAPE_DEFINITION_REPRESENTATION(#3775,#3781);
#3775 = PRODUCT_DEFINITION_SHAPE('','',#3776);
#3776 = PRODUCT_DEFINITION('design','',#3777,#3780);
#3777 = PRODUCT_DEFINITION_FORMATION('','',#3778);
#3778 = PRODUCT('C16','C16','',(#3779));
#3779 = PRODUCT_CONTEXT('',#2,'mechanical');
#3780 = PRODUCT_DEFINITION_CONTEXT('part definition',#2,'design');
#3781 = SHAPE_REPRESENTATION('',(#11,#3782),#3786);
#3782 = AXIS2_PLACEMENT_3D('',#3783,#3784,#3785);
#3783 = CARTESIAN_POINT('',(5.55888390166,16.753383546621,0.));
#3784 = DIRECTION('',(-8.742273394091E-08,-3.821369068379E-15,-1.));
#3785 = DIRECTION('',(-4.371138828674E-08,1.,1.157030814034E-30));
#3786 = ( GEOMETRIC_REPRESENTATION_CONTEXT(3) 
GLOBAL_UNCERTAINTY_ASSIGNED_CONTEXT((#3790)) 
GLOBAL_UNIT_ASSIGNED_CONTEXT((#3787,#3788,#3789)) REPRESENTATION_CONTEXT
('Context #1','3D Context with UNIT and UNCERTAINTY') );
#3787 = ( LENGTH_UNIT() NAMED_UNIT(*) SI_UNIT(.MILLI.,.METRE.) );
#3788 = ( NAMED_UNIT(*) PLANE_ANGLE_UNIT() SI_UNIT($,.RADIAN.) );
#3789 = ( NAMED_UNIT(*) SI_UNIT($,.STERADIAN.) SOLID_ANGLE_UNIT() );
#3790 = UNCERTAINTY_MEASURE_WITH_UNIT(LENGTH_MEASURE(1.E-07),#3787,
  'distance_accuracy_value','confusion accuracy');
#3791 = CONTEXT_DEPENDENT_SHAPE_REPRESENTATION(#3792,#3794);
#3792 = ( REPRESENTATION_RELATIONSHIP('','',#1529,#3781) 
REPRESENTATION_RELATIONSHIP_WITH_TRANSFORMATION(#3793) 
SHAPE_REPRESENTATION_RELATIONSHIP() );
#3793 = ITEM_DEFINED_TRANSFORMATION('','',#11,#3782);
#3794 = PRODUCT_DEFINITION_SHAPE('Placement','Placement of an item',
  #3795);
#3795 = NEXT_ASSEMBLY_USAGE_OCCURRENCE('25','','',#3776,#2815,$);
#3796 = CONTEXT_DEPENDENT_SHAPE_REPRESENTATION(#3797,#3799);
#3797 = ( REPRESENTATION_RELATIONSHIP('','',#3781,#10) 
REPRESENTATION_RELATIONSHIP_WITH_TRANSFORMATION(#3798) 
SHAPE_REPRESENTATION_RELATIONSHIP() );
#3798 = ITEM_DEFINED_TRANSFORMATION('','',#11,#43);
#3799 = PRODUCT_DEFINITION_SHAPE('Placement','Placement of an item',
  #3800);
#3800 = NEXT_ASSEMBLY_USAGE_OCCURRENCE('26','','',#5,#3776,$);
#3801 = PRODUCT_RELATED_PRODUCT_CATEGORY('part',$,(#3778));
#3802 = SHAPE_DEFINITION_REPRESENTATION(#3803,#3809);
#3803 = PRODUCT_DEFINITION_SHAPE('','',#3804);
#3804 = PRODUCT_DEFINITION('design','',#3805,#3808);
#3805 = PRODUCT_DEFINITION_FORMATION('','',#3806);
#3806 = PRODUCT('C11','C11','',(#3807));
#3807 = PRODUCT_CONTEXT('',#2,'mechanical');
#3808 = PRODUCT_DEFINITION_CONTEXT('part definition',#2,'design');
#3809 = SHAPE_REPRESENTATION('',(#11,#3810),#3814);
#3810 = AXIS2_PLACEMENT_3D('',#3811,#3812,#3813);
#3811 = CARTESIAN_POINT('',(5.53268456084,6.33379736498,0.));
#3812 = DIRECTION('',(7.642738136759E-15,-8.742273394091E-08,-1.));
#3813 = DIRECTION('',(-1.,-8.742277657348E-08,0.));
#3814 = ( GEOMETRIC_REPRESENTATION_CONTEXT(3) 
GLOBAL_UNCERTAINTY_ASSIGNED_CONTEXT((#3818)) 
GLOBAL_UNIT_ASSIGNED_CONTEXT((#3815,#3816,#3817)) REPRESENTATION_CONTEXT
('Context #1','3D Context with UNIT and UNCERTAINTY') );
#3815 = ( LENGTH_UNIT() NAMED_UNIT(*) SI_UNIT(.MILLI.,.METRE.) );
#3816 = ( NAMED_UNIT(*) PLANE_ANGLE_UNIT() SI_UNIT($,.RADIAN.) );
#3817 = ( NAMED_UNIT(*) SI_UNIT($,.STERADIAN.) SOLID_ANGLE_UNIT() );
#3818 = UNCERTAINTY_MEASURE_WITH_UNIT(LENGTH_MEASURE(1.E-07),#3815,
  'distance_accuracy_value','confusion accuracy');
#3819 = CONTEXT_DEPENDENT_SHAPE_REPRESENTATION(#3820,#3822);
#3820 = ( REPRESENTATION_RELATIONSHIP('','',#1529,#3809) 
REPRESENTATION_RELATIONSHIP_WITH_TRANSFORMATION(#3821) 
SHAPE_REPRESENTATION_RELATIONSHIP() );
#3821 = ITEM_DEFINED_TRANSFORMATION('','',#11,#3810);
#3822 = PRODUCT_DEFINITION_SHAPE('Placement','Placement of an item',
  #3823);
#3823 = NEXT_ASSEMBLY_USAGE_OCCURRENCE('27','','',#3804,#2815,$);
#3824 = CONTEXT_DEPENDENT_SHAPE_REPRESENTATION(#3825,#3827);
#3825 = ( REPRESENTATION_RELATIONSHIP('','',#3809,#10) 
REPRESENTATION_RELATIONSHIP_WITH_TRANSFORMATION(#3826) 
SHAPE_REPRESENTATION_RELATIONSHIP() );
#3826 = ITEM_DEFINED_TRANSFORMATION('','',#11,#47);
#3827 = PRODUCT_DEFINITION_SHAPE('Placement','Placement of an item',
  #3828);
#3828 = NEXT_ASSEMBLY_USAGE_OCCURRENCE('28','','',#5,#3804,$);
#3829 = PRODUCT_RELATED_PRODUCT_CATEGORY('part',$,(#3806));
#3830 = SHAPE_DEFINITION_REPRESENTATION(#3831,#3837);
#3831 = PRODUCT_DEFINITION_SHAPE('','',#3832);
#3832 = PRODUCT_DEFINITION('design','',#3833,#3836);
#3833 = PRODUCT_DEFINITION_FORMATION('','',#3834);
#3834 = PRODUCT('C10','C10','',(#3835));
#3835 = PRODUCT_CONTEXT('',#2,'mechanical');
#3836 = PRODUCT_DEFINITION_CONTEXT('part definition',#2,'design');
#3837 = SHAPE_REPRESENTATION('',(#11,#3838),#3842);
#3838 = AXIS2_PLACEMENT_3D('',#3839,#3840,#3841);
#3839 = CARTESIAN_POINT('',(5.53268456084,4.019096284658,0.));
#3840 = DIRECTION('',(7.642738136759E-15,-8.742273394091E-08,-1.));
#3841 = DIRECTION('',(-1.,-8.742277657348E-08,0.));
#3842 = ( GEOMETRIC_REPRESENTATION_CONTEXT(3) 
GLOBAL_UNCERTAINTY_ASSIGNED_CONTEXT((#3846)) 
GLOBAL_UNIT_ASSIGNED_CONTEXT((#3843,#3844,#3845)) REPRESENTATION_CONTEXT
('Context #1','3D Context with UNIT and UNCERTAINTY') );
#3843 = ( LENGTH_UNIT() NAMED_UNIT(*) SI_UNIT(.MILLI.,.METRE.) );
#3844 = ( NAMED_UNIT(*) PLANE_ANGLE_UNIT() SI_UNIT($,.RADIAN.) );
#3845 = ( NAMED_UNIT(*) SI_UNIT($,.STERADIAN.) SOLID_ANGLE_UNIT() );
#3846 = UNCERTAINTY_MEASURE_WITH_UNIT(LENGTH_MEASURE(1.E-07),#3843,
  'distance_accuracy_value','confusion accuracy');
#3847 = CONTEXT_DEPENDENT_SHAPE_REPRESENTATION(#3848,#3850);
#3848 = ( REPRESENTATION_RELATIONSHIP('','',#1529,#3837) 
REPRESENTATION_RELATIONSHIP_WITH_TRANSFORMATION(#3849) 
SHAPE_REPRESENTATION_RELATIONSHIP() );
#3849 = ITEM_DEFINED_TRANSFORMATION('','',#11,#3838);
#3850 = PRODUCT_DEFINITION_SHAPE('Placement','Placement of an item',
  #3851);
#3851 = NEXT_ASSEMBLY_USAGE_OCCURRENCE('29','','',#3832,#2815,$);
#3852 = CONTEXT_DEPENDENT_SHAPE_REPRESENTATION(#3853,#3855);
#3853 = ( REPRESENTATION_RELATIONSHIP('','',#3837,#10) 
REPRESENTATION_RELATIONSHIP_WITH_TRANSFORMATION(#3854) 
SHAPE_REPRESENTATION_RELATIONSHIP() );
#3854 = ITEM_DEFINED_TRANSFORMATION('','',#11,#51);
#3855 = PRODUCT_DEFINITION_SHAPE('Placement','Placement of an item',
  #3856);
#3856 = NEXT_ASSEMBLY_USAGE_OCCURRENCE('30','','',#5,#3832,$);
#3857 = PRODUCT_RELATED_PRODUCT_CATEGORY('part',$,(#3834));
#3858 = SHAPE_DEFINITION_REPRESENTATION(#3859,#3865);
#3859 = PRODUCT_DEFINITION_SHAPE('','',#3860);
#3860 = PRODUCT_DEFINITION('design','',#3861,#3864);
#3861 = PRODUCT_DEFINITION_FORMATION('','',#3862);
#3862 = PRODUCT('C8','C8','',(#3863));
#3863 = PRODUCT_CONTEXT('',#2,'mechanical');
#3864 = PRODUCT_DEFINITION_CONTEXT('part definition',#2,'design');
#3865 = SHAPE_REPRESENTATION('',(#11,#3866),#3870);
#3866 = AXIS2_PLACEMENT_3D('',#3867,#3868,#3869);
#3867 = CARTESIAN_POINT('',(3.752540823047,6.324405580313,0.));
#3868 = DIRECTION('',(7.642738136759E-15,-8.742273394091E-08,-1.));
#3869 = DIRECTION('',(-1.,-8.742277657348E-08,0.));
#3870 = ( GEOMETRIC_REPRESENTATION_CONTEXT(3) 
GLOBAL_UNCERTAINTY_ASSIGNED_CONTEXT((#3874)) 
GLOBAL_UNIT_ASSIGNED_CONTEXT((#3871,#3872,#3873)) REPRESENTATION_CONTEXT
('Context #1','3D Context with UNIT and UNCERTAINTY') );
#3871 = ( LENGTH_UNIT() NAMED_UNIT(*) SI_UNIT(.MILLI.,.METRE.) );
#3872 = ( NAMED_UNIT(*) PLANE_ANGLE_UNIT() SI_UNIT($,.RADIAN.) );
#3873 = ( NAMED_UNIT(*) SI_UNIT($,.STERADIAN.) SOLID_ANGLE_UNIT() );
#3874 = UNCERTAINTY_MEASURE_WITH_UNIT(LENGTH_MEASURE(1.E-07),#3871,
  'distance_accuracy_value','confusion accuracy');
#3875 = CONTEXT_DEPENDENT_SHAPE_REPRESENTATION(#3876,#3878);
#3876 = ( REPRESENTATION_RELATIONSHIP('','',#1529,#3865) 
REPRESENTATION_RELATIONSHIP_WITH_TRANSFORMATION(#3877) 
SHAPE_REPRESENTATION_RELATIONSHIP() );
#3877 = ITEM_DEFINED_TRANSFORMATION('','',#11,#3866);
#3878 = PRODUCT_DEFINITION_SHAPE('Placement','Placement of an item',
  #3879);
#3879 = NEXT_ASSEMBLY_USAGE_OCCURRENCE('31','','',#3860,#2815,$);
#3880 = CONTEXT_DEPENDENT_SHAPE_REPRESENTATION(#3881,#3883);
#3881 = ( REPRESENTATION_RELATIONSHIP('','',#3865,#10) 
REPRESENTATION_RELATIONSHIP_WITH_TRANSFORMATION(#3882) 
SHAPE_REPRESENTATION_RELATIONSHIP() );
#3882 = ITEM_DEFINED_TRANSFORMATION('','',#11,#55);
#3883 = PRODUCT_DEFINITION_SHAPE('Placement','Placement of an item',
  #3884);
#3884 = NEXT_ASSEMBLY_USAGE_OCCURRENCE('32','','',#5,#3860,$);
#3885 = PRODUCT_RELATED_PRODUCT_CATEGORY('part',$,(#3862));
#3886 = SHAPE_DEFINITION_REPRESENTATION(#3887,#3893);
#3887 = PRODUCT_DEFINITION_SHAPE('','',#3888);
#3888 = PRODUCT_DEFINITION('design','',#3889,#3892);
#3889 = PRODUCT_DEFINITION_FORMATION('','',#3890);
#3890 = PRODUCT('C7','C7','',(#3891));
#3891 = PRODUCT_CONTEXT('',#2,'mechanical');
#3892 = PRODUCT_DEFINITION_CONTEXT('part definition',#2,'design');
#3893 = SHAPE_REPRESENTATION('',(#11,#3894),#3898);
#3894 = AXIS2_PLACEMENT_3D('',#3895,#3896,#3897);
#3895 = CARTESIAN_POINT('',(6.391067739551,6.596790223867,0.));
#3896 = DIRECTION('',(-1.528547627352E-14,8.742273394091E-08,-1.));
#3897 = DIRECTION('',(1.,1.748455531469E-07,-3.155443620884E-30));
#3898 = ( GEOMETRIC_REPRESENTATION_CONTEXT(3) 
GLOBAL_UNCERTAINTY_ASSIGNED_CONTEXT((#3902)) 
GLOBAL_UNIT_ASSIGNED_CONTEXT((#3899,#3900,#3901)) REPRESENTATION_CONTEXT
('Context #1','3D Context with UNIT and UNCERTAINTY') );
#3899 = ( LENGTH_UNIT() NAMED_UNIT(*) SI_UNIT(.MILLI.,.METRE.) );
#3900 = ( NAMED_UNIT(*) PLANE_ANGLE_UNIT() SI_UNIT($,.RADIAN.) );
#3901 = ( NAMED_UNIT(*) SI_UNIT($,.STERADIAN.) SOLID_ANGLE_UNIT() );
#3902 = UNCERTAINTY_MEASURE_WITH_UNIT(LENGTH_MEASURE(1.E-07),#3899,
  'distance_accuracy_value','confusion accuracy');
#3903 = CONTEXT_DEPENDENT_SHAPE_REPRESENTATION(#3904,#3906);
#3904 = ( REPRESENTATION_RELATIONSHIP('','',#1529,#3893) 
REPRESENTATION_RELATIONSHIP_WITH_TRANSFORMATION(#3905) 
SHAPE_REPRESENTATION_RELATIONSHIP() );
#3905 = ITEM_DEFINED_TRANSFORMATION('','',#11,#3894);
#3906 = PRODUCT_DEFINITION_SHAPE('Placement','Placement of an item',
  #3907);
#3907 = NEXT_ASSEMBLY_USAGE_OCCURRENCE('33','','',#3888,#2815,$);
#3908 = CONTEXT_DEPENDENT_SHAPE_REPRESENTATION(#3909,#3911);
#3909 = ( REPRESENTATION_RELATIONSHIP('','',#3893,#10) 
REPRESENTATION_RELATIONSHIP_WITH_TRANSFORMATION(#3910) 
SHAPE_REPRESENTATION_RELATIONSHIP() );
#3910 = ITEM_DEFINED_TRANSFORMATION('','',#11,#59);
#3911 = PRODUCT_DEFINITION_SHAPE('Placement','Placement of an item',
  #3912);
#3912 = NEXT_ASSEMBLY_USAGE_OCCURRENCE('34','','',#5,#3888,$);
#3913 = PRODUCT_RELATED_PRODUCT_CATEGORY('part',$,(#3890));
#3914 = SHAPE_DEFINITION_REPRESENTATION(#3915,#3921);
#3915 = PRODUCT_DEFINITION_SHAPE('','',#3916);
#3916 = PRODUCT_DEFINITION('design','',#3917,#3920);
#3917 = PRODUCT_DEFINITION_FORMATION('','',#3918);
#3918 = PRODUCT('C6','C6','',(#3919));
#3919 = PRODUCT_CONTEXT('',#2,'mechanical');
#3920 = PRODUCT_DEFINITION_CONTEXT('part definition',#2,'design');
#3921 = SHAPE_REPRESENTATION('',(#11,#3922),#3926);
#3922 = AXIS2_PLACEMENT_3D('',#3923,#3924,#3925);
#3923 = CARTESIAN_POINT('',(7.026603933398,4.449668794424,0.));
#3924 = DIRECTION('',(7.642738136759E-15,-8.742273394091E-08,-1.));
#3925 = DIRECTION('',(-1.,-8.742277657348E-08,0.));
#3926 = ( GEOMETRIC_REPRESENTATION_CONTEXT(3) 
GLOBAL_UNCERTAINTY_ASSIGNED_CONTEXT((#3930)) 
GLOBAL_UNIT_ASSIGNED_CONTEXT((#3927,#3928,#3929)) REPRESENTATION_CONTEXT
('Context #1','3D Context with UNIT and UNCERTAINTY') );
#3927 = ( LENGTH_UNIT() NAMED_UNIT(*) SI_UNIT(.MILLI.,.METRE.) );
#3928 = ( NAMED_UNIT(*) PLANE_ANGLE_UNIT() SI_UNIT($,.RADIAN.) );
#3929 = ( NAMED_UNIT(*) SI_UNIT($,.STERADIAN.) SOLID_ANGLE_UNIT() );
#3930 = UNCERTAINTY_MEASURE_WITH_UNIT(LENGTH_MEASURE(1.E-07),#3927,
  'distance_accuracy_value','confusion accuracy');
#3931 = CONTEXT_DEPENDENT_SHAPE_REPRESENTATION(#3932,#3934);
#3932 = ( REPRESENTATION_RELATIONSHIP('','',#1529,#3921) 
REPRESENTATION_RELATIONSHIP_WITH_TRANSFORMATION(#3933) 
SHAPE_REPRESENTATION_RELATIONSHIP() );
#3933 = ITEM_DEFINED_TRANSFORMATION('','',#11,#3922);
#3934 = PRODUCT_DEFINITION_SHAPE('Placement','Placement of an item',
  #3935);
#3935 = NEXT_ASSEMBLY_USAGE_OCCURRENCE('35','','',#3916,#2815,$);
#3936 = CONTEXT_DEPENDENT_SHAPE_REPRESENTATION(#3937,#3939);
#3937 = ( REPRESENTATION_RELATIONSHIP('','',#3921,#10) 
REPRESENTATION_RELATIONSHIP_WITH_TRANSFORMATION(#3938) 
SHAPE_REPRESENTATION_RELATIONSHIP() );
#3938 = ITEM_DEFINED_TRANSFORMATION('','',#11,#63);
#3939 = PRODUCT_DEFINITION_SHAPE('Placement','Placement of an item',
  #3940);
#3940 = NEXT_ASSEMBLY_USAGE_OCCURRENCE('36','','',#5,#3916,$);
#3941 = PRODUCT_RELATED_PRODUCT_CATEGORY('part',$,(#3918));
#3942 = SHAPE_DEFINITION_REPRESENTATION(#3943,#3949);
#3943 = PRODUCT_DEFINITION_SHAPE('','',#3944);
#3944 = PRODUCT_DEFINITION('design','',#3945,#3948);
#3945 = PRODUCT_DEFINITION_FORMATION('','',#3946);
#3946 = PRODUCT('C3','C3','',(#3947));
#3947 = PRODUCT_CONTEXT('',#2,'mechanical');
#3948 = PRODUCT_DEFINITION_CONTEXT('part definition',#2,'design');
#3949 = SHAPE_REPRESENTATION('',(#11,#3950),#3954);
#3950 = AXIS2_PLACEMENT_3D('',#3951,#3952,#3953);
#3951 = CARTESIAN_POINT('',(3.530403371875,9.748721986563,0.));
#3952 = DIRECTION('',(-1.042505667337E-15,8.742273394091E-08,-1.));
#3953 = DIRECTION('',(-1.19248806385E-08,1.,8.742273394091E-08));
#3954 = ( GEOMETRIC_REPRESENTATION_CONTEXT(3) 
GLOBAL_UNCERTAINTY_ASSIGNED_CONTEXT((#3958)) 
GLOBAL_UNIT_ASSIGNED_CONTEXT((#3955,#3956,#3957)) REPRESENTATION_CONTEXT
('Context #1','3D Context with UNIT and UNCERTAINTY') );
#3955 = ( LENGTH_UNIT() NAMED_UNIT(*) SI_UNIT(.MILLI.,.METRE.) );
#3956 = ( NAMED_UNIT(*) PLANE_ANGLE_UNIT() SI_UNIT($,.RADIAN.) );
#3957 = ( NAMED_UNIT(*) SI_UNIT($,.STERADIAN.) SOLID_ANGLE_UNIT() );
#3958 = UNCERTAINTY_MEASURE_WITH_UNIT(LENGTH_MEASURE(1.E-07),#3955,
  'distance_accuracy_value','confusion accuracy');
#3959 = CONTEXT_DEPENDENT_SHAPE_REPRESENTATION(#3960,#3962);
#3960 = ( REPRESENTATION_RELATIONSHIP('','',#1529,#3949) 
REPRESENTATION_RELATIONSHIP_WITH_TRANSFORMATION(#3961) 
SHAPE_REPRESENTATION_RELATIONSHIP() );
#3961 = ITEM_DEFINED_TRANSFORMATION('','',#11,#3950);
#3962 = PRODUCT_DEFINITION_SHAPE('Placement','Placement of an item',
  #3963);
#3963 = NEXT_ASSEMBLY_USAGE_OCCURRENCE('37','','',#3944,#2815,$);
#3964 = CONTEXT_DEPENDENT_SHAPE_REPRESENTATION(#3965,#3967);
#3965 = ( REPRESENTATION_RELATIONSHIP('','',#3949,#10) 
REPRESENTATION_RELATIONSHIP_WITH_TRANSFORMATION(#3966) 
SHAPE_REPRESENTATION_RELATIONSHIP() );
#3966 = ITEM_DEFINED_TRANSFORMATION('','',#11,#67);
#3967 = PRODUCT_DEFINITION_SHAPE('Placement','Placement of an item',
  #3968);
#3968 = NEXT_ASSEMBLY_USAGE_OCCURRENCE('38','','',#5,#3944,$);
#3969 = PRODUCT_RELATED_PRODUCT_CATEGORY('part',$,(#3946));
#3970 = SHAPE_DEFINITION_REPRESENTATION(#3971,#3977);
#3971 = PRODUCT_DEFINITION_SHAPE('','',#3972);
#3972 = PRODUCT_DEFINITION('design','',#3973,#3976);
#3973 = PRODUCT_DEFINITION_FORMATION('','',#3974);
#3974 = PRODUCT('C2','C2','',(#3975));
#3975 = PRODUCT_CONTEXT('',#2,'mechanical');
#3976 = PRODUCT_DEFINITION_CONTEXT('part definition',#2,'design');
#3977 = SHAPE_REPRESENTATION('',(#11,#3978),#3982);
#3978 = AXIS2_PLACEMENT_3D('',#3979,#3980,#3981);
#3979 = CARTESIAN_POINT('',(2.713684316699,8.180927186758,0.));
#3980 = DIRECTION('',(-8.742273394091E-08,-1.528547627352E-14,-1.));
#3981 = DIRECTION('',(-1.,-1.748455531469E-07,8.742273394091E-08));
#3982 = ( GEOMETRIC_REPRESENTATION_CONTEXT(3) 
GLOBAL_UNCERTAINTY_ASSIGNED_CONTEXT((#3986)) 
GLOBAL_UNIT_ASSIGNED_CONTEXT((#3983,#3984,#3985)) REPRESENTATION_CONTEXT
('Context #1','3D Context with UNIT and UNCERTAINTY') );
#3983 = ( LENGTH_UNIT() NAMED_UNIT(*) SI_UNIT(.MILLI.,.METRE.) );
#3984 = ( NAMED_UNIT(*) PLANE_ANGLE_UNIT() SI_UNIT($,.RADIAN.) );
#3985 = ( NAMED_UNIT(*) SI_UNIT($,.STERADIAN.) SOLID_ANGLE_UNIT() );
#3986 = UNCERTAINTY_MEASURE_WITH_UNIT(LENGTH_MEASURE(1.E-07),#3983,
  'distance_accuracy_value','confusion accuracy');
#3987 = CONTEXT_DEPENDENT_SHAPE_REPRESENTATION(#3988,#3990);
#3988 = ( REPRESENTATION_RELATIONSHIP('','',#1529,#3977) 
REPRESENTATION_RELATIONSHIP_WITH_TRANSFORMATION(#3989) 
SHAPE_REPRESENTATION_RELATIONSHIP() );
#3989 = ITEM_DEFINED_TRANSFORMATION('','',#11,#3978);
#3990 = PRODUCT_DEFINITION_SHAPE('Placement','Placement of an item',
  #3991);
#3991 = NEXT_ASSEMBLY_USAGE_OCCURRENCE('39','','',#3972,#2815,$);
#3992 = CONTEXT_DEPENDENT_SHAPE_REPRESENTATION(#3993,#3995);
#3993 = ( REPRESENTATION_RELATIONSHIP('','',#3977,#10) 
REPRESENTATION_RELATIONSHIP_WITH_TRANSFORMATION(#3994) 
SHAPE_REPRESENTATION_RELATIONSHIP() );
#3994 = ITEM_DEFINED_TRANSFORMATION('','',#11,#71);
#3995 = PRODUCT_DEFINITION_SHAPE('Placement','Placement of an item',
  #3996);
#3996 = NEXT_ASSEMBLY_USAGE_OCCURRENCE('40','','',#5,#3972,$);
#3997 = PRODUCT_RELATED_PRODUCT_CATEGORY('part',$,(#3974));
#3998 = SHAPE_DEFINITION_REPRESENTATION(#3999,#4005);
#3999 = PRODUCT_DEFINITION_SHAPE('','',#4000);
#4000 = PRODUCT_DEFINITION('design','',#4001,#4004);
#4001 = PRODUCT_DEFINITION_FORMATION('','',#4002);
#4002 = PRODUCT('C17','C17','',(#4003));
#4003 = PRODUCT_CONTEXT('',#2,'mechanical');
#4004 = PRODUCT_DEFINITION_CONTEXT('part definition',#2,'design');
#4005 = SHAPE_REPRESENTATION('',(#11,#4006),#4010);
#4006 = AXIS2_PLACEMENT_3D('',#4007,#4008,#4009);
#4007 = CARTESIAN_POINT('',(9.113723989551,17.449375062734,0.));
#4008 = DIRECTION('',(3.821369068379E-15,-8.742273394091E-08,-1.));
#4009 = DIRECTION('',(4.371138828674E-08,-1.,8.742273394091E-08));
#4010 = ( GEOMETRIC_REPRESENTATION_CONTEXT(3) 
GLOBAL_UNCERTAINTY_ASSIGNED_CONTEXT((#4014)) 
GLOBAL_UNIT_ASSIGNED_CONTEXT((#4011,#4012,#4013)) REPRESENTATION_CONTEXT
('Context #1','3D Context with UNIT and UNCERTAINTY') );
#4011 = ( LENGTH_UNIT() NAMED_UNIT(*) SI_UNIT(.MILLI.,.METRE.) );
#4012 = ( NAMED_UNIT(*) PLANE_ANGLE_UNIT() SI_UNIT($,.RADIAN.) );
#4013 = ( NAMED_UNIT(*) SI_UNIT($,.STERADIAN.) SOLID_ANGLE_UNIT() );
#4014 = UNCERTAINTY_MEASURE_WITH_UNIT(LENGTH_MEASURE(1.E-07),#4011,
  'distance_accuracy_value','confusion accuracy');
#4015 = CONTEXT_DEPENDENT_SHAPE_REPRESENTATION(#4016,#4018);
#4016 = ( REPRESENTATION_RELATIONSHIP('','',#1529,#4005) 
REPRESENTATION_RELATIONSHIP_WITH_TRANSFORMATION(#4017) 
SHAPE_REPRESENTATION_RELATIONSHIP() );
#4017 = ITEM_DEFINED_TRANSFORMATION('','',#11,#4006);
#4018 = PRODUCT_DEFINITION_SHAPE('Placement','Placement of an item',
  #4019);
#4019 = NEXT_ASSEMBLY_USAGE_OCCURRENCE('41','','',#4000,#2815,$);
#4020 = CONTEXT_DEPENDENT_SHAPE_REPRESENTATION(#4021,#4023);
#4021 = ( REPRESENTATION_RELATIONSHIP('','',#4005,#10) 
REPRESENTATION_RELATIONSHIP_WITH_TRANSFORMATION(#4022) 
SHAPE_REPRESENTATION_RELATIONSHIP() );
#4022 = ITEM_DEFINED_TRANSFORMATION('','',#11,#75);
#4023 = PRODUCT_DEFINITION_SHAPE('Placement','Placement of an item',
  #4024);
#4024 = NEXT_ASSEMBLY_USAGE_OCCURRENCE('42','','',#5,#4000,$);
#4025 = PRODUCT_RELATED_PRODUCT_CATEGORY('part',$,(#4002));
#4026 = SHAPE_DEFINITION_REPRESENTATION(#4027,#4033);
#4027 = PRODUCT_DEFINITION_SHAPE('','',#4028);
#4028 = PRODUCT_DEFINITION('design','',#4029,#4032);
#4029 = PRODUCT_DEFINITION_FORMATION('','',#4030);
#4030 = PRODUCT('1','1','',(#4031));
#4031 = PRODUCT_CONTEXT('',#2,'mechanical');
#4032 = PRODUCT_DEFINITION_CONTEXT('part definition',#2,'design');
#4033 = SHAPE_REPRESENTATION('',(#11,#4034),#4038);
#4034 = AXIS2_PLACEMENT_3D('',#4035,#4036,#4037);
#4035 = CARTESIAN_POINT('',(6.878975149219,14.131595521719,
    -0.857262313366));
#4036 = DIRECTION('',(0.,0.,1.));
#4037 = DIRECTION('',(1.,0.,0.));
#4038 = ( GEOMETRIC_REPRESENTATION_CONTEXT(3) 
GLOBAL_UNCERTAINTY_ASSIGNED_CONTEXT((#4042)) 
GLOBAL_UNIT_ASSIGNED_CONTEXT((#4039,#4040,#4041)) REPRESENTATION_CONTEXT
('Context #1','3D Context with UNIT and UNCERTAINTY') );
#4039 = ( LENGTH_UNIT() NAMED_UNIT(*) SI_UNIT(.MILLI.,.METRE.) );
#4040 = ( NAMED_UNIT(*) PLANE_ANGLE_UNIT() SI_UNIT($,.RADIAN.) );
#4041 = ( NAMED_UNIT(*) SI_UNIT($,.STERADIAN.) SOLID_ANGLE_UNIT() );
#4042 = UNCERTAINTY_MEASURE_WITH_UNIT(LENGTH_MEASURE(1.E-07),#4039,
  'distance_accuracy_value','confusion accuracy');
#4043 = SHAPE_DEFINITION_REPRESENTATION(#4044,#4050);
#4044 = PRODUCT_DEFINITION_SHAPE('','',#4045);
#4045 = PRODUCT_DEFINITION('design','',#4046,#4049);
#4046 = PRODUCT_DEFINITION_FORMATION('','',#4047);
#4047 = PRODUCT('6629762368','6629762368','',(#4048));
#4048 = PRODUCT_CONTEXT('',#2,'mechanical');
#4049 = PRODUCT_DEFINITION_CONTEXT('part definition',#2,'design');
#4050 = SHAPE_REPRESENTATION('',(#11,#4051),#4055);
#4051 = AXIS2_PLACEMENT_3D('',#4052,#4053,#4054);
#4052 = CARTESIAN_POINT('',(0.,0.,0.));
#4053 = DIRECTION('',(0.,0.,1.));
#4054 = DIRECTION('',(1.,0.,0.));
#4055 = ( GEOMETRIC_REPRESENTATION_CONTEXT(3) 
GLOBAL_UNCERTAINTY_ASSIGNED_CONTEXT((#4059)) 
GLOBAL_UNIT_ASSIGNED_CONTEXT((#4056,#4057,#4058)) REPRESENTATION_CONTEXT
('Context #1','3D Context with UNIT and UNCERTAINTY') );
#4056 = ( LENGTH_UNIT() NAMED_UNIT(*) SI_UNIT(.MILLI.,.METRE.) );
#4057 = ( NAMED_UNIT(*) PLANE_ANGLE_UNIT() SI_UNIT($,.RADIAN.) );
#4058 = ( NAMED_UNIT(*) SI_UNIT($,.STERADIAN.) SOLID_ANGLE_UNIT() );
#4059 = UNCERTAINTY_MEASURE_WITH_UNIT(LENGTH_MEASURE(1.E-07),#4056,
  'distance_accuracy_value','confusion accuracy');
#4060 = ADVANCED_BREP_SHAPE_REPRESENTATION('',(#11,#4061),#4211);
#4061 = MANIFOLD_SOLID_BREP('',#4062);
#4062 = CLOSED_SHELL('',(#4063,#4103,#4134,#4165,#4187,#4199));
#4063 = ADVANCED_FACE('',(#4064),#4098,.F.);
#4064 = FACE_BOUND('',#4065,.F.);
#4065 = EDGE_LOOP('',(#4066,#4076,#4084,#4092));
#4066 = ORIENTED_EDGE('',*,*,#4067,.T.);
#4067 = EDGE_CURVE('',#4068,#4070,#4072,.T.);
#4068 = VERTEX_POINT('',#4069);
#4069 = CARTESIAN_POINT('',(-6.65080204,13.89937276,0.));
#4070 = VERTEX_POINT('',#4071);
#4071 = CARTESIAN_POINT('',(-6.65080204,13.89937276,0.42499788));
#4072 = LINE('',#4073,#4074);
#4073 = CARTESIAN_POINT('',(-6.65080204,13.89937276,0.));
#4074 = VECTOR('',#4075,1.);
#4075 = DIRECTION('',(0.,0.,1.));
#4076 = ORIENTED_EDGE('',*,*,#4077,.T.);
#4077 = EDGE_CURVE('',#4070,#4078,#4080,.T.);
#4078 = VERTEX_POINT('',#4079);
#4079 = CARTESIAN_POINT('',(-6.65080204,-13.89937276,0.42499788));
#4080 = LINE('',#4081,#4082);
#4081 = CARTESIAN_POINT('',(-6.65080204,13.89937276,0.42499788));
#4082 = VECTOR('',#4083,1.);
#4083 = DIRECTION('',(0.,-1.,0.));
#4084 = ORIENTED_EDGE('',*,*,#4085,.F.);
#4085 = EDGE_CURVE('',#4086,#4078,#4088,.T.);
#4086 = VERTEX_POINT('',#4087);
#4087 = CARTESIAN_POINT('',(-6.65080204,-13.89937276,0.));
#4088 = LINE('',#4089,#4090);
#4089 = CARTESIAN_POINT('',(-6.65080204,-13.89937276,0.));
#4090 = VECTOR('',#4091,1.);
#4091 = DIRECTION('',(0.,0.,1.));
#4092 = ORIENTED_EDGE('',*,*,#4093,.F.);
#4093 = EDGE_CURVE('',#4068,#4086,#4094,.T.);
#4094 = LINE('',#4095,#4096);
#4095 = CARTESIAN_POINT('',(-6.65080204,13.89937276,0.));
#4096 = VECTOR('',#4097,1.);
#4097 = DIRECTION('',(0.,-1.,0.));
#4098 = PLANE('',#4099);
#4099 = AXIS2_PLACEMENT_3D('',#4100,#4101,#4102);
#4100 = CARTESIAN_POINT('',(-6.65080204,13.89937276,0.));
#4101 = DIRECTION('',(1.,0.,-0.));
#4102 = DIRECTION('',(0.,-1.,0.));
#4103 = ADVANCED_FACE('',(#4104),#4129,.F.);
#4104 = FACE_BOUND('',#4105,.F.);
#4105 = EDGE_LOOP('',(#4106,#4107,#4115,#4123));
#4106 = ORIENTED_EDGE('',*,*,#4085,.T.);
#4107 = ORIENTED_EDGE('',*,*,#4108,.T.);
#4108 = EDGE_CURVE('',#4078,#4109,#4111,.T.);
#4109 = VERTEX_POINT('',#4110);
#4110 = CARTESIAN_POINT('',(6.65080458,-13.89937276,0.42499788));
#4111 = LINE('',#4112,#4113);
#4112 = CARTESIAN_POINT('',(-6.65080204,-13.89937276,0.42499788));
#4113 = VECTOR('',#4114,1.);
#4114 = DIRECTION('',(1.,0.,0.));
#4115 = ORIENTED_EDGE('',*,*,#4116,.F.);
#4116 = EDGE_CURVE('',#4117,#4109,#4119,.T.);
#4117 = VERTEX_POINT('',#4118);
#4118 = CARTESIAN_POINT('',(6.65080458,-13.89937276,0.));
#4119 = LINE('',#4120,#4121);
#4120 = CARTESIAN_POINT('',(6.65080458,-13.89937276,0.));
#4121 = VECTOR('',#4122,1.);
#4122 = DIRECTION('',(0.,0.,1.));
#4123 = ORIENTED_EDGE('',*,*,#4124,.F.);
#4124 = EDGE_CURVE('',#4086,#4117,#4125,.T.);
#4125 = LINE('',#4126,#4127);
#4126 = CARTESIAN_POINT('',(-6.65080204,-13.89937276,0.));
#4127 = VECTOR('',#4128,1.);
#4128 = DIRECTION('',(1.,0.,0.));
#4129 = PLANE('',#4130);
#4130 = AXIS2_PLACEMENT_3D('',#4131,#4132,#4133);
#4131 = CARTESIAN_POINT('',(-6.65080204,-13.89937276,0.));
#4132 = DIRECTION('',(0.,1.,0.));
#4133 = DIRECTION('',(1.,0.,0.));
#4134 = ADVANCED_FACE('',(#4135),#4160,.F.);
#4135 = FACE_BOUND('',#4136,.F.);
#4136 = EDGE_LOOP('',(#4137,#4138,#4146,#4154));
#4137 = ORIENTED_EDGE('',*,*,#4116,.T.);
#4138 = ORIENTED_EDGE('',*,*,#4139,.T.);
#4139 = EDGE_CURVE('',#4109,#4140,#4142,.T.);
#4140 = VERTEX_POINT('',#4141);
#4141 = CARTESIAN_POINT('',(6.65080458,13.89937276,0.42499788));
#4142 = LINE('',#4143,#4144);
#4143 = CARTESIAN_POINT('',(6.65080458,-13.89937276,0.42499788));
#4144 = VECTOR('',#4145,1.);
#4145 = DIRECTION('',(0.,1.,0.));
#4146 = ORIENTED_EDGE('',*,*,#4147,.F.);
#4147 = EDGE_CURVE('',#4148,#4140,#4150,.T.);
#4148 = VERTEX_POINT('',#4149);
#4149 = CARTESIAN_POINT('',(6.65080458,13.89937276,0.));
#4150 = LINE('',#4151,#4152);
#4151 = CARTESIAN_POINT('',(6.65080458,13.89937276,0.));
#4152 = VECTOR('',#4153,1.);
#4153 = DIRECTION('',(0.,0.,1.));
#4154 = ORIENTED_EDGE('',*,*,#4155,.F.);
#4155 = EDGE_CURVE('',#4117,#4148,#4156,.T.);
#4156 = LINE('',#4157,#4158);
#4157 = CARTESIAN_POINT('',(6.65080458,-13.89937276,0.));
#4158 = VECTOR('',#4159,1.);
#4159 = DIRECTION('',(0.,1.,0.));
#4160 = PLANE('',#4161);
#4161 = AXIS2_PLACEMENT_3D('',#4162,#4163,#4164);
#4162 = CARTESIAN_POINT('',(6.65080458,-13.89937276,0.));
#4163 = DIRECTION('',(-1.,0.,0.));
#4164 = DIRECTION('',(0.,1.,0.));
#4165 = ADVANCED_FACE('',(#4166),#4182,.F.);
#4166 = FACE_BOUND('',#4167,.F.);
#4167 = EDGE_LOOP('',(#4168,#4169,#4175,#4176));
#4168 = ORIENTED_EDGE('',*,*,#4147,.T.);
#4169 = ORIENTED_EDGE('',*,*,#4170,.T.);
#4170 = EDGE_CURVE('',#4140,#4070,#4171,.T.);
#4171 = LINE('',#4172,#4173);
#4172 = CARTESIAN_POINT('',(6.65080458,13.89937276,0.42499788));
#4173 = VECTOR('',#4174,1.);
#4174 = DIRECTION('',(-1.,0.,0.));
#4175 = ORIENTED_EDGE('',*,*,#4067,.F.);
#4176 = ORIENTED_EDGE('',*,*,#4177,.F.);
#4177 = EDGE_CURVE('',#4148,#4068,#4178,.T.);
#4178 = LINE('',#4179,#4180);
#4179 = CARTESIAN_POINT('',(6.65080458,13.89937276,0.));
#4180 = VECTOR('',#4181,1.);
#4181 = DIRECTION('',(-1.,0.,0.));
#4182 = PLANE('',#4183);
#4183 = AXIS2_PLACEMENT_3D('',#4184,#4185,#4186);
#4184 = CARTESIAN_POINT('',(6.65080458,13.89937276,0.));
#4185 = DIRECTION('',(0.,-1.,0.));
#4186 = DIRECTION('',(-1.,0.,0.));
#4187 = ADVANCED_FACE('',(#4188),#4194,.F.);
#4188 = FACE_BOUND('',#4189,.F.);
#4189 = EDGE_LOOP('',(#4190,#4191,#4192,#4193));
#4190 = ORIENTED_EDGE('',*,*,#4093,.T.);
#4191 = ORIENTED_EDGE('',*,*,#4124,.T.);
#4192 = ORIENTED_EDGE('',*,*,#4155,.T.);
#4193 = ORIENTED_EDGE('',*,*,#4177,.T.);
#4194 = PLANE('',#4195);
#4195 = AXIS2_PLACEMENT_3D('',#4196,#4197,#4198);
#4196 = CARTESIAN_POINT('',(1.269999998186E-06,3.457599260171E-15,0.));
#4197 = DIRECTION('',(0.,0.,1.));
#4198 = DIRECTION('',(1.,0.,-0.));
#4199 = ADVANCED_FACE('',(#4200),#4206,.T.);
#4200 = FACE_BOUND('',#4201,.T.);
#4201 = EDGE_LOOP('',(#4202,#4203,#4204,#4205));
#4202 = ORIENTED_EDGE('',*,*,#4077,.T.);
#4203 = ORIENTED_EDGE('',*,*,#4108,.T.);
#4204 = ORIENTED_EDGE('',*,*,#4139,.T.);
#4205 = ORIENTED_EDGE('',*,*,#4170,.T.);
#4206 = PLANE('',#4207);
#4207 = AXIS2_PLACEMENT_3D('',#4208,#4209,#4210);
#4208 = CARTESIAN_POINT('',(1.269999998186E-06,3.457599260171E-15,
    0.42499788));
#4209 = DIRECTION('',(0.,0.,1.));
#4210 = DIRECTION('',(1.,0.,-0.));
#4211 = ( GEOMETRIC_REPRESENTATION_CONTEXT(3) 
GLOBAL_UNCERTAINTY_ASSIGNED_CONTEXT((#4215)) 
GLOBAL_UNIT_ASSIGNED_CONTEXT((#4212,#4213,#4214)) REPRESENTATION_CONTEXT
('Context #1','3D Context with UNIT and UNCERTAINTY') );
#4212 = ( LENGTH_UNIT() NAMED_UNIT(*) SI_UNIT(.MILLI.,.METRE.) );
#4213 = ( NAMED_UNIT(*) PLANE_ANGLE_UNIT() SI_UNIT($,.RADIAN.) );
#4214 = ( NAMED_UNIT(*) SI_UNIT($,.STERADIAN.) SOLID_ANGLE_UNIT() );
#4215 = UNCERTAINTY_MEASURE_WITH_UNIT(LENGTH_MEASURE(1.E-07),#4212,
  'distance_accuracy_value','confusion accuracy');
#4216 = SHAPE_DEFINITION_REPRESENTATION(#4217,#4060);
#4217 = PRODUCT_DEFINITION_SHAPE('','',#4218);
#4218 = PRODUCT_DEFINITION('design','',#4219,#4222);
#4219 = PRODUCT_DEFINITION_FORMATION('','',#4220);
#4220 = PRODUCT('Extruded','Extruded','',(#4221));
#4221 = PRODUCT_CONTEXT('',#2,'mechanical');
#4222 = PRODUCT_DEFINITION_CONTEXT('part definition',#2,'design');
#4223 = CONTEXT_DEPENDENT_SHAPE_REPRESENTATION(#4224,#4226);
#4224 = ( REPRESENTATION_RELATIONSHIP('','',#4060,#4050) 
REPRESENTATION_RELATIONSHIP_WITH_TRANSFORMATION(#4225) 
SHAPE_REPRESENTATION_RELATIONSHIP() );
#4225 = ITEM_DEFINED_TRANSFORMATION('','',#11,#4051);
#4226 = PRODUCT_DEFINITION_SHAPE('Placement','Placement of an item',
  #4227);
#4227 = NEXT_ASSEMBLY_USAGE_OCCURRENCE('43','4','',#4045,#4218,$);
#4228 = PRODUCT_RELATED_PRODUCT_CATEGORY('part',$,(#4220));
#4229 = CONTEXT_DEPENDENT_SHAPE_REPRESENTATION(#4230,#4232);
#4230 = ( REPRESENTATION_RELATIONSHIP('','',#4050,#4033) 
REPRESENTATION_RELATIONSHIP_WITH_TRANSFORMATION(#4231) 
SHAPE_REPRESENTATION_RELATIONSHIP() );
#4231 = ITEM_DEFINED_TRANSFORMATION('','',#11,#4034);
#4232 = PRODUCT_DEFINITION_SHAPE('Placement','Placement of an item',
  #4233);
#4233 = NEXT_ASSEMBLY_USAGE_OCCURRENCE('44','','',#4028,#4045,$);
#4234 = PRODUCT_RELATED_PRODUCT_CATEGORY('part',$,(#4047));
#4235 = CONTEXT_DEPENDENT_SHAPE_REPRESENTATION(#4236,#4238);
#4236 = ( REPRESENTATION_RELATIONSHIP('','',#4033,#10) 
REPRESENTATION_RELATIONSHIP_WITH_TRANSFORMATION(#4237) 
SHAPE_REPRESENTATION_RELATIONSHIP() );
#4237 = ITEM_DEFINED_TRANSFORMATION('','',#11,#79);
#4238 = PRODUCT_DEFINITION_SHAPE('Placement','Placement of an item',
  #4239);
#4239 = NEXT_ASSEMBLY_USAGE_OCCURRENCE('45','','',#5,#4028,$);
#4240 = PRODUCT_RELATED_PRODUCT_CATEGORY('part',$,(#4030));
#4241 = SHAPE_DEFINITION_REPRESENTATION(#4242,#4248);
#4242 = PRODUCT_DEFINITION_SHAPE('','',#4243);
#4243 = PRODUCT_DEFINITION('design','',#4244,#4247);
#4244 = PRODUCT_DEFINITION_FORMATION('','',#4245);
#4245 = PRODUCT('C9','C9','',(#4246));
#4246 = PRODUCT_CONTEXT('',#2,'mechanical');
#4247 = PRODUCT_DEFINITION_CONTEXT('part definition',#2,'design');
#4248 = SHAPE_REPRESENTATION('',(#11,#4249),#4253);
#4249 = AXIS2_PLACEMENT_3D('',#4250,#4251,#4252);
#4250 = CARTESIAN_POINT('',(3.831283804004,11.976207643301,0.));
#4251 = DIRECTION('',(3.821369068379E-15,-8.742273394091E-08,-1.));
#4252 = DIRECTION('',(4.371138828674E-08,-1.,8.742273394091E-08));
#4253 = ( GEOMETRIC_REPRESENTATION_CONTEXT(3) 
GLOBAL_UNCERTAINTY_ASSIGNED_CONTEXT((#4257)) 
GLOBAL_UNIT_ASSIGNED_CONTEXT((#4254,#4255,#4256)) REPRESENTATION_CONTEXT
('Context #1','3D Context with UNIT and UNCERTAINTY') );
#4254 = ( LENGTH_UNIT() NAMED_UNIT(*) SI_UNIT(.MILLI.,.METRE.) );
#4255 = ( NAMED_UNIT(*) PLANE_ANGLE_UNIT() SI_UNIT($,.RADIAN.) );
#4256 = ( NAMED_UNIT(*) SI_UNIT($,.STERADIAN.) SOLID_ANGLE_UNIT() );
#4257 = UNCERTAINTY_MEASURE_WITH_UNIT(LENGTH_MEASURE(1.E-07),#4254,
  'distance_accuracy_value','confusion accuracy');
#4258 = CONTEXT_DEPENDENT_SHAPE_REPRESENTATION(#4259,#4261);
#4259 = ( REPRESENTATION_RELATIONSHIP('','',#1529,#4248) 
REPRESENTATION_RELATIONSHIP_WITH_TRANSFORMATION(#4260) 
SHAPE_REPRESENTATION_RELATIONSHIP() );
#4260 = ITEM_DEFINED_TRANSFORMATION('','',#11,#4249);
#4261 = PRODUCT_DEFINITION_SHAPE('Placement','Placement of an item',
  #4262);
#4262 = NEXT_ASSEMBLY_USAGE_OCCURRENCE('46','','',#4243,#2815,$);
#4263 = CONTEXT_DEPENDENT_SHAPE_REPRESENTATION(#4264,#4266);
#4264 = ( REPRESENTATION_RELATIONSHIP('','',#4248,#10) 
REPRESENTATION_RELATIONSHIP_WITH_TRANSFORMATION(#4265) 
SHAPE_REPRESENTATION_RELATIONSHIP() );
#4265 = ITEM_DEFINED_TRANSFORMATION('','',#11,#83);
#4266 = PRODUCT_DEFINITION_SHAPE('Placement','Placement of an item',
  #4267);
#4267 = NEXT_ASSEMBLY_USAGE_OCCURRENCE('47','','',#5,#4243,$);
#4268 = PRODUCT_RELATED_PRODUCT_CATEGORY('part',$,(#4245));
#4269 = SHAPE_DEFINITION_REPRESENTATION(#4270,#4276);
#4270 = PRODUCT_DEFINITION_SHAPE('','',#4271);
#4271 = PRODUCT_DEFINITION('design','',#4272,#4275);
#4272 = PRODUCT_DEFINITION_FORMATION('','',#4273);
#4273 = PRODUCT('L_','L_','',(#4274));
#4274 = PRODUCT_CONTEXT('',#2,'mechanical');
#4275 = PRODUCT_DEFINITION_CONTEXT('part definition',#2,'design');
#4276 = SHAPE_REPRESENTATION('',(#11,#4277),#4281);
#4277 = AXIS2_PLACEMENT_3D('',#4278,#4279,#4280);
#4278 = CARTESIAN_POINT('',(6.688240285937,5.527843385488,0.));
#4279 = DIRECTION('',(0.,0.,1.));
#4280 = DIRECTION('',(1.,0.,0.));
#4281 = ( GEOMETRIC_REPRESENTATION_CONTEXT(3) 
GLOBAL_UNCERTAINTY_ASSIGNED_CONTEXT((#4285)) 
GLOBAL_UNIT_ASSIGNED_CONTEXT((#4282,#4283,#4284)) REPRESENTATION_CONTEXT
('Context #1','3D Context with UNIT and UNCERTAINTY') );
#4282 = ( LENGTH_UNIT() NAMED_UNIT(*) SI_UNIT(.MILLI.,.METRE.) );
#4283 = ( NAMED_UNIT(*) PLANE_ANGLE_UNIT() SI_UNIT($,.RADIAN.) );
#4284 = ( NAMED_UNIT(*) SI_UNIT($,.STERADIAN.) SOLID_ANGLE_UNIT() );
#4285 = UNCERTAINTY_MEASURE_WITH_UNIT(LENGTH_MEASURE(1.E-07),#4282,
  'distance_accuracy_value','confusion accuracy');
#4286 = SHAPE_DEFINITION_REPRESENTATION(#4287,#4293);
#4287 = PRODUCT_DEFINITION_SHAPE('','',#4288);
#4288 = PRODUCT_DEFINITION('design','',#4289,#4292);
#4289 = PRODUCT_DEFINITION_FORMATION('','',#4290);
#4290 = PRODUCT('6629761408','6629761408','',(#4291));
#4291 = PRODUCT_CONTEXT('',#2,'mechanical');
#4292 = PRODUCT_DEFINITION_CONTEXT('part definition',#2,'design');
#4293 = SHAPE_REPRESENTATION('',(#11,#4294),#4298);
#4294 = AXIS2_PLACEMENT_3D('',#4295,#4296,#4297);
#4295 = CARTESIAN_POINT('',(0.,0.,0.));
#4296 = DIRECTION('',(0.,0.,1.));
#4297 = DIRECTION('',(1.,0.,0.));
#4298 = ( GEOMETRIC_REPRESENTATION_CONTEXT(3) 
GLOBAL_UNCERTAINTY_ASSIGNED_CONTEXT((#4302)) 
GLOBAL_UNIT_ASSIGNED_CONTEXT((#4299,#4300,#4301)) REPRESENTATION_CONTEXT
('Context #1','3D Context with UNIT and UNCERTAINTY') );
#4299 = ( LENGTH_UNIT() NAMED_UNIT(*) SI_UNIT(.MILLI.,.METRE.) );
#4300 = ( NAMED_UNIT(*) PLANE_ANGLE_UNIT() SI_UNIT($,.RADIAN.) );
#4301 = ( NAMED_UNIT(*) SI_UNIT($,.STERADIAN.) SOLID_ANGLE_UNIT() );
#4302 = UNCERTAINTY_MEASURE_WITH_UNIT(LENGTH_MEASURE(1.E-07),#4299,
  'distance_accuracy_value','confusion accuracy');
#4303 = ADVANCED_BREP_SHAPE_REPRESENTATION('',(#11,#4304),#4454);
#4304 = MANIFOLD_SOLID_BREP('',#4305);
#4305 = CLOSED_SHELL('',(#4306,#4346,#4377,#4408,#4430,#4442));
#4306 = ADVANCED_FACE('',(#4307),#4341,.F.);
#4307 = FACE_BOUND('',#4308,.F.);
#4308 = EDGE_LOOP('',(#4309,#4319,#4327,#4335));
#4309 = ORIENTED_EDGE('',*,*,#4310,.T.);
#4310 = EDGE_CURVE('',#4311,#4313,#4315,.T.);
#4311 = VERTEX_POINT('',#4312);
#4312 = CARTESIAN_POINT('',(0.34456116,-0.16002,0.));
#4313 = VERTEX_POINT('',#4314);
#4314 = CARTESIAN_POINT('',(0.34456116,-0.16002,0.1999996));
#4315 = LINE('',#4316,#4317);
#4316 = CARTESIAN_POINT('',(0.34456116,-0.16002,0.));
#4317 = VECTOR('',#4318,1.);
#4318 = DIRECTION('',(0.,0.,1.));
#4319 = ORIENTED_EDGE('',*,*,#4320,.T.);
#4320 = EDGE_CURVE('',#4313,#4321,#4323,.T.);
#4321 = VERTEX_POINT('',#4322);
#4322 = CARTESIAN_POINT('',(0.34456116,0.16002,0.1999996));
#4323 = LINE('',#4324,#4325);
#4324 = CARTESIAN_POINT('',(0.34456116,-0.16002,0.1999996));
#4325 = VECTOR('',#4326,1.);
#4326 = DIRECTION('',(0.,1.,0.));
#4327 = ORIENTED_EDGE('',*,*,#4328,.F.);
#4328 = EDGE_CURVE('',#4329,#4321,#4331,.T.);
#4329 = VERTEX_POINT('',#4330);
#4330 = CARTESIAN_POINT('',(0.34456116,0.16002,0.));
#4331 = LINE('',#4332,#4333);
#4332 = CARTESIAN_POINT('',(0.34456116,0.16002,0.));
#4333 = VECTOR('',#4334,1.);
#4334 = DIRECTION('',(0.,0.,1.));
#4335 = ORIENTED_EDGE('',*,*,#4336,.F.);
#4336 = EDGE_CURVE('',#4311,#4329,#4337,.T.);
#4337 = LINE('',#4338,#4339);
#4338 = CARTESIAN_POINT('',(0.34456116,-0.16002,0.));
#4339 = VECTOR('',#4340,1.);
#4340 = DIRECTION('',(0.,1.,0.));
#4341 = PLANE('',#4342);
#4342 = AXIS2_PLACEMENT_3D('',#4343,#4344,#4345);
#4343 = CARTESIAN_POINT('',(0.34456116,-0.16002,0.));
#4344 = DIRECTION('',(-1.,0.,0.));
#4345 = DIRECTION('',(0.,1.,0.));
#4346 = ADVANCED_FACE('',(#4347),#4372,.F.);
#4347 = FACE_BOUND('',#4348,.F.);
#4348 = EDGE_LOOP('',(#4349,#4350,#4358,#4366));
#4349 = ORIENTED_EDGE('',*,*,#4328,.T.);
#4350 = ORIENTED_EDGE('',*,*,#4351,.T.);
#4351 = EDGE_CURVE('',#4321,#4352,#4354,.T.);
#4352 = VERTEX_POINT('',#4353);
#4353 = CARTESIAN_POINT('',(-0.34456116,0.16002,0.1999996));
#4354 = LINE('',#4355,#4356);
#4355 = CARTESIAN_POINT('',(0.34456116,0.16002,0.1999996));
#4356 = VECTOR('',#4357,1.);
#4357 = DIRECTION('',(-1.,0.,0.));
#4358 = ORIENTED_EDGE('',*,*,#4359,.F.);
#4359 = EDGE_CURVE('',#4360,#4352,#4362,.T.);
#4360 = VERTEX_POINT('',#4361);
#4361 = CARTESIAN_POINT('',(-0.34456116,0.16002,0.));
#4362 = LINE('',#4363,#4364);
#4363 = CARTESIAN_POINT('',(-0.34456116,0.16002,0.));
#4364 = VECTOR('',#4365,1.);
#4365 = DIRECTION('',(0.,0.,1.));
#4366 = ORIENTED_EDGE('',*,*,#4367,.F.);
#4367 = EDGE_CURVE('',#4329,#4360,#4368,.T.);
#4368 = LINE('',#4369,#4370);
#4369 = CARTESIAN_POINT('',(0.34456116,0.16002,0.));
#4370 = VECTOR('',#4371,1.);
#4371 = DIRECTION('',(-1.,0.,0.));
#4372 = PLANE('',#4373);
#4373 = AXIS2_PLACEMENT_3D('',#4374,#4375,#4376);
#4374 = CARTESIAN_POINT('',(0.34456116,0.16002,0.));
#4375 = DIRECTION('',(0.,-1.,0.));
#4376 = DIRECTION('',(-1.,0.,0.));
#4377 = ADVANCED_FACE('',(#4378),#4403,.F.);
#4378 = FACE_BOUND('',#4379,.F.);
#4379 = EDGE_LOOP('',(#4380,#4381,#4389,#4397));
#4380 = ORIENTED_EDGE('',*,*,#4359,.T.);
#4381 = ORIENTED_EDGE('',*,*,#4382,.T.);
#4382 = EDGE_CURVE('',#4352,#4383,#4385,.T.);
#4383 = VERTEX_POINT('',#4384);
#4384 = CARTESIAN_POINT('',(-0.34456116,-0.16002,0.1999996));
#4385 = LINE('',#4386,#4387);
#4386 = CARTESIAN_POINT('',(-0.34456116,0.16002,0.1999996));
#4387 = VECTOR('',#4388,1.);
#4388 = DIRECTION('',(0.,-1.,0.));
#4389 = ORIENTED_EDGE('',*,*,#4390,.F.);
#4390 = EDGE_CURVE('',#4391,#4383,#4393,.T.);
#4391 = VERTEX_POINT('',#4392);
#4392 = CARTESIAN_POINT('',(-0.34456116,-0.16002,0.));
#4393 = LINE('',#4394,#4395);
#4394 = CARTESIAN_POINT('',(-0.34456116,-0.16002,0.));
#4395 = VECTOR('',#4396,1.);
#4396 = DIRECTION('',(0.,0.,1.));
#4397 = ORIENTED_EDGE('',*,*,#4398,.F.);
#4398 = EDGE_CURVE('',#4360,#4391,#4399,.T.);
#4399 = LINE('',#4400,#4401);
#4400 = CARTESIAN_POINT('',(-0.34456116,0.16002,0.));
#4401 = VECTOR('',#4402,1.);
#4402 = DIRECTION('',(0.,-1.,0.));
#4403 = PLANE('',#4404);
#4404 = AXIS2_PLACEMENT_3D('',#4405,#4406,#4407);
#4405 = CARTESIAN_POINT('',(-0.34456116,0.16002,0.));
#4406 = DIRECTION('',(1.,0.,-0.));
#4407 = DIRECTION('',(0.,-1.,0.));
#4408 = ADVANCED_FACE('',(#4409),#4425,.F.);
#4409 = FACE_BOUND('',#4410,.F.);
#4410 = EDGE_LOOP('',(#4411,#4412,#4418,#4419));
#4411 = ORIENTED_EDGE('',*,*,#4390,.T.);
#4412 = ORIENTED_EDGE('',*,*,#4413,.T.);
#4413 = EDGE_CURVE('',#4383,#4313,#4414,.T.);
#4414 = LINE('',#4415,#4416);
#4415 = CARTESIAN_POINT('',(-0.34456116,-0.16002,0.1999996));
#4416 = VECTOR('',#4417,1.);
#4417 = DIRECTION('',(1.,0.,0.));
#4418 = ORIENTED_EDGE('',*,*,#4310,.F.);
#4419 = ORIENTED_EDGE('',*,*,#4420,.F.);
#4420 = EDGE_CURVE('',#4391,#4311,#4421,.T.);
#4421 = LINE('',#4422,#4423);
#4422 = CARTESIAN_POINT('',(-0.34456116,-0.16002,0.));
#4423 = VECTOR('',#4424,1.);
#4424 = DIRECTION('',(1.,0.,0.));
#4425 = PLANE('',#4426);
#4426 = AXIS2_PLACEMENT_3D('',#4427,#4428,#4429);
#4427 = CARTESIAN_POINT('',(-0.34456116,-0.16002,0.));
#4428 = DIRECTION('',(0.,1.,0.));
#4429 = DIRECTION('',(1.,0.,0.));
#4430 = ADVANCED_FACE('',(#4431),#4437,.F.);
#4431 = FACE_BOUND('',#4432,.F.);
#4432 = EDGE_LOOP('',(#4433,#4434,#4435,#4436));
#4433 = ORIENTED_EDGE('',*,*,#4336,.T.);
#4434 = ORIENTED_EDGE('',*,*,#4367,.T.);
#4435 = ORIENTED_EDGE('',*,*,#4398,.T.);
#4436 = ORIENTED_EDGE('',*,*,#4420,.T.);
#4437 = PLANE('',#4438);
#4438 = AXIS2_PLACEMENT_3D('',#4439,#4440,#4441);
#4439 = CARTESIAN_POINT('',(-1.421247446038E-14,0.,0.));
#4440 = DIRECTION('',(0.,0.,1.));
#4441 = DIRECTION('',(1.,0.,-0.));
#4442 = ADVANCED_FACE('',(#4443),#4449,.T.);
#4443 = FACE_BOUND('',#4444,.T.);
#4444 = EDGE_LOOP('',(#4445,#4446,#4447,#4448));
#4445 = ORIENTED_EDGE('',*,*,#4320,.T.);
#4446 = ORIENTED_EDGE('',*,*,#4351,.T.);
#4447 = ORIENTED_EDGE('',*,*,#4382,.T.);
#4448 = ORIENTED_EDGE('',*,*,#4413,.T.);
#4449 = PLANE('',#4450);
#4450 = AXIS2_PLACEMENT_3D('',#4451,#4452,#4453);
#4451 = CARTESIAN_POINT('',(-1.421247446038E-14,0.,0.1999996));
#4452 = DIRECTION('',(0.,0.,1.));
#4453 = DIRECTION('',(1.,0.,-0.));
#4454 = ( GEOMETRIC_REPRESENTATION_CONTEXT(3) 
GLOBAL_UNCERTAINTY_ASSIGNED_CONTEXT((#4458)) 
GLOBAL_UNIT_ASSIGNED_CONTEXT((#4455,#4456,#4457)) REPRESENTATION_CONTEXT
('Context #1','3D Context with UNIT and UNCERTAINTY') );
#4455 = ( LENGTH_UNIT() NAMED_UNIT(*) SI_UNIT(.MILLI.,.METRE.) );
#4456 = ( NAMED_UNIT(*) PLANE_ANGLE_UNIT() SI_UNIT($,.RADIAN.) );
#4457 = ( NAMED_UNIT(*) SI_UNIT($,.STERADIAN.) SOLID_ANGLE_UNIT() );
#4458 = UNCERTAINTY_MEASURE_WITH_UNIT(LENGTH_MEASURE(1.E-07),#4455,
  'distance_accuracy_value','confusion accuracy');
#4459 = SHAPE_DEFINITION_REPRESENTATION(#4460,#4303);
#4460 = PRODUCT_DEFINITION_SHAPE('','',#4461);
#4461 = PRODUCT_DEFINITION('design','',#4462,#4465);
#4462 = PRODUCT_DEFINITION_FORMATION('','',#4463);
#4463 = PRODUCT('Extruded','Extruded','',(#4464));
#4464 = PRODUCT_CONTEXT('',#2,'mechanical');
#4465 = PRODUCT_DEFINITION_CONTEXT('part definition',#2,'design');
#4466 = CONTEXT_DEPENDENT_SHAPE_REPRESENTATION(#4467,#4469);
#4467 = ( REPRESENTATION_RELATIONSHIP('','',#4303,#4293) 
REPRESENTATION_RELATIONSHIP_WITH_TRANSFORMATION(#4468) 
SHAPE_REPRESENTATION_RELATIONSHIP() );
#4468 = ITEM_DEFINED_TRANSFORMATION('','',#11,#4294);
#4469 = PRODUCT_DEFINITION_SHAPE('Placement','Placement of an item',
  #4470);
#4470 = NEXT_ASSEMBLY_USAGE_OCCURRENCE('48','5','',#4288,#4461,$);
#4471 = PRODUCT_RELATED_PRODUCT_CATEGORY('part',$,(#4463));
#4472 = CONTEXT_DEPENDENT_SHAPE_REPRESENTATION(#4473,#4475);
#4473 = ( REPRESENTATION_RELATIONSHIP('','',#4293,#4276) 
REPRESENTATION_RELATIONSHIP_WITH_TRANSFORMATION(#4474) 
SHAPE_REPRESENTATION_RELATIONSHIP() );
#4474 = ITEM_DEFINED_TRANSFORMATION('','',#11,#4277);
#4475 = PRODUCT_DEFINITION_SHAPE('Placement','Placement of an item',
  #4476);
#4476 = NEXT_ASSEMBLY_USAGE_OCCURRENCE('49','','',#4271,#4288,$);
#4477 = PRODUCT_RELATED_PRODUCT_CATEGORY('part',$,(#4290));
#4478 = CONTEXT_DEPENDENT_SHAPE_REPRESENTATION(#4479,#4481);
#4479 = ( REPRESENTATION_RELATIONSHIP('','',#4276,#10) 
REPRESENTATION_RELATIONSHIP_WITH_TRANSFORMATION(#4480) 
SHAPE_REPRESENTATION_RELATIONSHIP() );
#4480 = ITEM_DEFINED_TRANSFORMATION('','',#11,#87);
#4481 = PRODUCT_DEFINITION_SHAPE('Placement','Placement of an item',
  #4482);
#4482 = NEXT_ASSEMBLY_USAGE_OCCURRENCE('50','','',#5,#4271,$);
#4483 = PRODUCT_RELATED_PRODUCT_CATEGORY('part',$,(#4273));
#4484 = SHAPE_DEFINITION_REPRESENTATION(#4485,#4491);
#4485 = PRODUCT_DEFINITION_SHAPE('','',#4486);
#4486 = PRODUCT_DEFINITION('design','',#4487,#4490);
#4487 = PRODUCT_DEFINITION_FORMATION('','',#4488);
#4488 = PRODUCT('C4','C4','',(#4489));
#4489 = PRODUCT_CONTEXT('',#2,'mechanical');
#4490 = PRODUCT_DEFINITION_CONTEXT('part definition',#2,'design');
#4491 = SHAPE_REPRESENTATION('',(#11,#4492),#4496);
#4492 = AXIS2_PLACEMENT_3D('',#4493,#4494,#4495);
#4493 = CARTESIAN_POINT('',(12.433708425586,7.808925538809,0.));
#4494 = DIRECTION('',(3.821369068379E-15,-8.742273394091E-08,-1.));
#4495 = DIRECTION('',(4.371138828674E-08,-1.,8.742273394091E-08));
#4496 = ( GEOMETRIC_REPRESENTATION_CONTEXT(3) 
GLOBAL_UNCERTAINTY_ASSIGNED_CONTEXT((#4500)) 
GLOBAL_UNIT_ASSIGNED_CONTEXT((#4497,#4498,#4499)) REPRESENTATION_CONTEXT
('Context #1','3D Context with UNIT and UNCERTAINTY') );
#4497 = ( LENGTH_UNIT() NAMED_UNIT(*) SI_UNIT(.MILLI.,.METRE.) );
#4498 = ( NAMED_UNIT(*) PLANE_ANGLE_UNIT() SI_UNIT($,.RADIAN.) );
#4499 = ( NAMED_UNIT(*) SI_UNIT($,.STERADIAN.) SOLID_ANGLE_UNIT() );
#4500 = UNCERTAINTY_MEASURE_WITH_UNIT(LENGTH_MEASURE(1.E-07),#4497,
  'distance_accuracy_value','confusion accuracy');
#4501 = CONTEXT_DEPENDENT_SHAPE_REPRESENTATION(#4502,#4504);
#4502 = ( REPRESENTATION_RELATIONSHIP('','',#1529,#4491) 
REPRESENTATION_RELATIONSHIP_WITH_TRANSFORMATION(#4503) 
SHAPE_REPRESENTATION_RELATIONSHIP() );
#4503 = ITEM_DEFINED_TRANSFORMATION('','',#11,#4492);
#4504 = PRODUCT_DEFINITION_SHAPE('Placement','Placement of an item',
  #4505);
#4505 = NEXT_ASSEMBLY_USAGE_OCCURRENCE('51','','',#4486,#2815,$);
#4506 = CONTEXT_DEPENDENT_SHAPE_REPRESENTATION(#4507,#4509);
#4507 = ( REPRESENTATION_RELATIONSHIP('','',#4491,#10) 
REPRESENTATION_RELATIONSHIP_WITH_TRANSFORMATION(#4508) 
SHAPE_REPRESENTATION_RELATIONSHIP() );
#4508 = ITEM_DEFINED_TRANSFORMATION('','',#11,#91);
#4509 = PRODUCT_DEFINITION_SHAPE('Placement','Placement of an item',
  #4510);
#4510 = NEXT_ASSEMBLY_USAGE_OCCURRENCE('52','','',#5,#4486,$);
#4511 = PRODUCT_RELATED_PRODUCT_CATEGORY('part',$,(#4488));
#4512 = SHAPE_DEFINITION_REPRESENTATION(#4513,#4519);
#4513 = PRODUCT_DEFINITION_SHAPE('','',#4514);
#4514 = PRODUCT_DEFINITION('design','',#4515,#4518);
#4515 = PRODUCT_DEFINITION_FORMATION('','',#4516);
#4516 = PRODUCT('C15','C15','',(#4517));
#4517 = PRODUCT_CONTEXT('',#2,'mechanical');
#4518 = PRODUCT_DEFINITION_CONTEXT('part definition',#2,'design');
#4519 = SHAPE_REPRESENTATION('',(#11,#4520),#4524);
#4520 = AXIS2_PLACEMENT_3D('',#4521,#4522,#4523);
#4521 = CARTESIAN_POINT('',(3.752540823047,7.274150758535,0.));
#4522 = DIRECTION('',(-8.742273394091E-08,-1.528547627352E-14,-1.));
#4523 = DIRECTION('',(-1.,-1.748455531469E-07,8.742273394091E-08));
#4524 = ( GEOMETRIC_REPRESENTATION_CONTEXT(3) 
GLOBAL_UNCERTAINTY_ASSIGNED_CONTEXT((#4528)) 
GLOBAL_UNIT_ASSIGNED_CONTEXT((#4525,#4526,#4527)) REPRESENTATION_CONTEXT
('Context #1','3D Context with UNIT and UNCERTAINTY') );
#4525 = ( LENGTH_UNIT() NAMED_UNIT(*) SI_UNIT(.MILLI.,.METRE.) );
#4526 = ( NAMED_UNIT(*) PLANE_ANGLE_UNIT() SI_UNIT($,.RADIAN.) );
#4527 = ( NAMED_UNIT(*) SI_UNIT($,.STERADIAN.) SOLID_ANGLE_UNIT() );
#4528 = UNCERTAINTY_MEASURE_WITH_UNIT(LENGTH_MEASURE(1.E-07),#4525,
  'distance_accuracy_value','confusion accuracy');
#4529 = CONTEXT_DEPENDENT_SHAPE_REPRESENTATION(#4530,#4532);
#4530 = ( REPRESENTATION_RELATIONSHIP('','',#1529,#4519) 
REPRESENTATION_RELATIONSHIP_WITH_TRANSFORMATION(#4531) 
SHAPE_REPRESENTATION_RELATIONSHIP() );
#4531 = ITEM_DEFINED_TRANSFORMATION('','',#11,#4520);
#4532 = PRODUCT_DEFINITION_SHAPE('Placement','Placement of an item',
  #4533);
#4533 = NEXT_ASSEMBLY_USAGE_OCCURRENCE('53','','',#4514,#2815,$);
#4534 = CONTEXT_DEPENDENT_SHAPE_REPRESENTATION(#4535,#4537);
#4535 = ( REPRESENTATION_RELATIONSHIP('','',#4519,#10) 
REPRESENTATION_RELATIONSHIP_WITH_TRANSFORMATION(#4536) 
SHAPE_REPRESENTATION_RELATIONSHIP() );
#4536 = ITEM_DEFINED_TRANSFORMATION('','',#11,#95);
#4537 = PRODUCT_DEFINITION_SHAPE('Placement','Placement of an item',
  #4538);
#4538 = NEXT_ASSEMBLY_USAGE_OCCURRENCE('54','','',#5,#4514,$);
#4539 = PRODUCT_RELATED_PRODUCT_CATEGORY('part',$,(#4516));
#4540 = MECHANICAL_DESIGN_GEOMETRIC_PRESENTATION_REPRESENTATION('',(
    #4541),#3716);
#4541 = STYLED_ITEM('color',(#4542),#3566);
#4542 = PRESENTATION_STYLE_ASSIGNMENT((#4543,#4549));
#4543 = SURFACE_STYLE_USAGE(.BOTH.,#4544);
#4544 = SURFACE_SIDE_STYLE('',(#4545));
#4545 = SURFACE_STYLE_FILL_AREA(#4546);
#4546 = FILL_AREA_STYLE('',(#4547));
#4547 = FILL_AREA_STYLE_COLOUR('',#4548);
#4548 = COLOUR_RGB('',0.501960785193,0.501960785193,0.501960785193);
#4549 = CURVE_STYLE('',#4550,POSITIVE_LENGTH_MEASURE(0.1),#4548);
#4550 = DRAUGHTING_PRE_DEFINED_CURVE_FONT('continuous');
#4551 = MECHANICAL_DESIGN_GEOMETRIC_PRESENTATION_REPRESENTATION('',(
    #4552),#1488);
#4552 = STYLED_ITEM('color',(#4553),#123);
#4553 = PRESENTATION_STYLE_ASSIGNMENT((#4554,#4560));
#4554 = SURFACE_STYLE_USAGE(.BOTH.,#4555);
#4555 = SURFACE_SIDE_STYLE('',(#4556));
#4556 = SURFACE_STYLE_FILL_AREA(#4557);
#4557 = FILL_AREA_STYLE('',(#4558));
#4558 = FILL_AREA_STYLE_COLOUR('',#4559);
#4559 = COLOUR_RGB('',0.,0.501960785193,0.);
#4560 = CURVE_STYLE('',#4561,POSITIVE_LENGTH_MEASURE(0.1),#4559);
#4561 = DRAUGHTING_PRE_DEFINED_CURVE_FONT('continuous');
#4562 = MECHANICAL_DESIGN_GEOMETRIC_PRESENTATION_REPRESENTATION('',(
    #4563,#4571,#4579,#4586,#4593,#4600,#4607,#4615,#4622,#4629,#4636,
    #4643,#4650,#4657,#4664,#4671,#4678,#4685,#4692,#4699,#4706,#4713,
    #4720,#4727,#4734,#4741,#4748,#4755,#4762,#4769,#4776,#4783,#4790,
    #4797,#4804,#4811,#4818,#4825,#4832,#4839,#4846,#4853,#4860,#4867,
    #4874),#2808);
#4563 = STYLED_ITEM('color',(#4564),#1530);
#4564 = PRESENTATION_STYLE_ASSIGNMENT((#4565));
#4565 = SURFACE_STYLE_USAGE(.BOTH.,#4566);
#4566 = SURFACE_SIDE_STYLE('',(#4567));
#4567 = SURFACE_STYLE_FILL_AREA(#4568);
#4568 = FILL_AREA_STYLE('',(#4569));
#4569 = FILL_AREA_STYLE_COLOUR('',#4570);
#4570 = COLOUR_RGB('',0.792156867455,0.819607826924,0.933333342953);
#4571 = OVER_RIDING_STYLED_ITEM('overriding color',(#4572),#1532,#4563);
#4572 = PRESENTATION_STYLE_ASSIGNMENT((#4573));
#4573 = SURFACE_STYLE_USAGE(.BOTH.,#4574);
#4574 = SURFACE_SIDE_STYLE('',(#4575));
#4575 = SURFACE_STYLE_FILL_AREA(#4576);
#4576 = FILL_AREA_STYLE('',(#4577));
#4577 = FILL_AREA_STYLE_COLOUR('',#4578);
#4578 = COLOUR_RGB('',0.729411770324,0.356862747468,2.352941234596E-02);
#4579 = OVER_RIDING_STYLED_ITEM('overriding color',(#4580),#1572,#4563);
#4580 = PRESENTATION_STYLE_ASSIGNMENT((#4581));
#4581 = SURFACE_STYLE_USAGE(.BOTH.,#4582);
#4582 = SURFACE_SIDE_STYLE('',(#4583));
#4583 = SURFACE_STYLE_FILL_AREA(#4584);
#4584 = FILL_AREA_STYLE('',(#4585));
#4585 = FILL_AREA_STYLE_COLOUR('',#4578);
#4586 = OVER_RIDING_STYLED_ITEM('overriding color',(#4587),#1709,#4563);
#4587 = PRESENTATION_STYLE_ASSIGNMENT((#4588));
#4588 = SURFACE_STYLE_USAGE(.BOTH.,#4589);
#4589 = SURFACE_SIDE_STYLE('',(#4590));
#4590 = SURFACE_STYLE_FILL_AREA(#4591);
#4591 = FILL_AREA_STYLE('',(#4592));
#4592 = FILL_AREA_STYLE_COLOUR('',#4578);
#4593 = OVER_RIDING_STYLED_ITEM('overriding color',(#4594),#1734,#4563);
#4594 = PRESENTATION_STYLE_ASSIGNMENT((#4595));
#4595 = SURFACE_STYLE_USAGE(.BOTH.,#4596);
#4596 = SURFACE_SIDE_STYLE('',(#4597));
#4597 = SURFACE_STYLE_FILL_AREA(#4598);
#4598 = FILL_AREA_STYLE('',(#4599));
#4599 = FILL_AREA_STYLE_COLOUR('',#4578);
#4600 = OVER_RIDING_STYLED_ITEM('overriding color',(#4601),#1863,#4563);
#4601 = PRESENTATION_STYLE_ASSIGNMENT((#4602));
#4602 = SURFACE_STYLE_USAGE(.BOTH.,#4603);
#4603 = SURFACE_SIDE_STYLE('',(#4604));
#4604 = SURFACE_STYLE_FILL_AREA(#4605);
#4605 = FILL_AREA_STYLE('',(#4606));
#4606 = FILL_AREA_STYLE_COLOUR('',#4578);
#4607 = OVER_RIDING_STYLED_ITEM('overriding color',(#4608),#1880,#4563);
#4608 = PRESENTATION_STYLE_ASSIGNMENT((#4609));
#4609 = SURFACE_STYLE_USAGE(.BOTH.,#4610);
#4610 = SURFACE_SIDE_STYLE('',(#4611));
#4611 = SURFACE_STYLE_FILL_AREA(#4612);
#4612 = FILL_AREA_STYLE('',(#4613));
#4613 = FILL_AREA_STYLE_COLOUR('',#4614);
#4614 = COLOUR_RGB('',0.623529419466,0.623529419466,0.623529419466);
#4615 = OVER_RIDING_STYLED_ITEM('overriding color',(#4616),#1911,#4563);
#4616 = PRESENTATION_STYLE_ASSIGNMENT((#4617));
#4617 = SURFACE_STYLE_USAGE(.BOTH.,#4618);
#4618 = SURFACE_SIDE_STYLE('',(#4619));
#4619 = SURFACE_STYLE_FILL_AREA(#4620);
#4620 = FILL_AREA_STYLE('',(#4621));
#4621 = FILL_AREA_STYLE_COLOUR('',#4614);
#4622 = OVER_RIDING_STYLED_ITEM('overriding color',(#4623),#1936,#4563);
#4623 = PRESENTATION_STYLE_ASSIGNMENT((#4624));
#4624 = SURFACE_STYLE_USAGE(.BOTH.,#4625);
#4625 = SURFACE_SIDE_STYLE('',(#4626));
#4626 = SURFACE_STYLE_FILL_AREA(#4627);
#4627 = FILL_AREA_STYLE('',(#4628));
#4628 = FILL_AREA_STYLE_COLOUR('',#4614);
#4629 = OVER_RIDING_STYLED_ITEM('overriding color',(#4630),#1960,#4563);
#4630 = PRESENTATION_STYLE_ASSIGNMENT((#4631));
#4631 = SURFACE_STYLE_USAGE(.BOTH.,#4632);
#4632 = SURFACE_SIDE_STYLE('',(#4633));
#4633 = SURFACE_STYLE_FILL_AREA(#4634);
#4634 = FILL_AREA_STYLE('',(#4635));
#4635 = FILL_AREA_STYLE_COLOUR('',#4614);
#4636 = OVER_RIDING_STYLED_ITEM('overriding color',(#4637),#1985,#4563);
#4637 = PRESENTATION_STYLE_ASSIGNMENT((#4638));
#4638 = SURFACE_STYLE_USAGE(.BOTH.,#4639);
#4639 = SURFACE_SIDE_STYLE('',(#4640));
#4640 = SURFACE_STYLE_FILL_AREA(#4641);
#4641 = FILL_AREA_STYLE('',(#4642));
#4642 = FILL_AREA_STYLE_COLOUR('',#4614);
#4643 = OVER_RIDING_STYLED_ITEM('overriding color',(#4644),#2009,#4563);
#4644 = PRESENTATION_STYLE_ASSIGNMENT((#4645));
#4645 = SURFACE_STYLE_USAGE(.BOTH.,#4646);
#4646 = SURFACE_SIDE_STYLE('',(#4647));
#4647 = SURFACE_STYLE_FILL_AREA(#4648);
#4648 = FILL_AREA_STYLE('',(#4649));
#4649 = FILL_AREA_STYLE_COLOUR('',#4614);
#4650 = OVER_RIDING_STYLED_ITEM('overriding color',(#4651),#2034,#4563);
#4651 = PRESENTATION_STYLE_ASSIGNMENT((#4652));
#4652 = SURFACE_STYLE_USAGE(.BOTH.,#4653);
#4653 = SURFACE_SIDE_STYLE('',(#4654));
#4654 = SURFACE_STYLE_FILL_AREA(#4655);
#4655 = FILL_AREA_STYLE('',(#4656));
#4656 = FILL_AREA_STYLE_COLOUR('',#4614);
#4657 = OVER_RIDING_STYLED_ITEM('overriding color',(#4658),#2058,#4563);
#4658 = PRESENTATION_STYLE_ASSIGNMENT((#4659));
#4659 = SURFACE_STYLE_USAGE(.BOTH.,#4660);
#4660 = SURFACE_SIDE_STYLE('',(#4661));
#4661 = SURFACE_STYLE_FILL_AREA(#4662);
#4662 = FILL_AREA_STYLE('',(#4663));
#4663 = FILL_AREA_STYLE_COLOUR('',#4614);
#4664 = OVER_RIDING_STYLED_ITEM('overriding color',(#4665),#2076,#4563);
#4665 = PRESENTATION_STYLE_ASSIGNMENT((#4666));
#4666 = SURFACE_STYLE_USAGE(.BOTH.,#4667);
#4667 = SURFACE_SIDE_STYLE('',(#4668));
#4668 = SURFACE_STYLE_FILL_AREA(#4669);
#4669 = FILL_AREA_STYLE('',(#4670));
#4670 = FILL_AREA_STYLE_COLOUR('',#4578);
#4671 = OVER_RIDING_STYLED_ITEM('overriding color',(#4672),#2098,#4563);
#4672 = PRESENTATION_STYLE_ASSIGNMENT((#4673));
#4673 = SURFACE_STYLE_USAGE(.BOTH.,#4674);
#4674 = SURFACE_SIDE_STYLE('',(#4675));
#4675 = SURFACE_STYLE_FILL_AREA(#4676);
#4676 = FILL_AREA_STYLE('',(#4677));
#4677 = FILL_AREA_STYLE_COLOUR('',#4578);
#4678 = OVER_RIDING_STYLED_ITEM('overriding color',(#4679),#2115,#4563);
#4679 = PRESENTATION_STYLE_ASSIGNMENT((#4680));
#4680 = SURFACE_STYLE_USAGE(.BOTH.,#4681);
#4681 = SURFACE_SIDE_STYLE('',(#4682));
#4682 = SURFACE_STYLE_FILL_AREA(#4683);
#4683 = FILL_AREA_STYLE('',(#4684));
#4684 = FILL_AREA_STYLE_COLOUR('',#4578);
#4685 = OVER_RIDING_STYLED_ITEM('overriding color',(#4686),#2127,#4563);
#4686 = PRESENTATION_STYLE_ASSIGNMENT((#4687));
#4687 = SURFACE_STYLE_USAGE(.BOTH.,#4688);
#4688 = SURFACE_SIDE_STYLE('',(#4689));
#4689 = SURFACE_STYLE_FILL_AREA(#4690);
#4690 = FILL_AREA_STYLE('',(#4691));
#4691 = FILL_AREA_STYLE_COLOUR('',#4578);
#4692 = OVER_RIDING_STYLED_ITEM('overriding color',(#4693),#2144,#4563);
#4693 = PRESENTATION_STYLE_ASSIGNMENT((#4694));
#4694 = SURFACE_STYLE_USAGE(.BOTH.,#4695);
#4695 = SURFACE_SIDE_STYLE('',(#4696));
#4696 = SURFACE_STYLE_FILL_AREA(#4697);
#4697 = FILL_AREA_STYLE('',(#4698));
#4698 = FILL_AREA_STYLE_COLOUR('',#4578);
#4699 = OVER_RIDING_STYLED_ITEM('overriding color',(#4700),#2156,#4563);
#4700 = PRESENTATION_STYLE_ASSIGNMENT((#4701));
#4701 = SURFACE_STYLE_USAGE(.BOTH.,#4702);
#4702 = SURFACE_SIDE_STYLE('',(#4703));
#4703 = SURFACE_STYLE_FILL_AREA(#4704);
#4704 = FILL_AREA_STYLE('',(#4705));
#4705 = FILL_AREA_STYLE_COLOUR('',#4614);
#4706 = OVER_RIDING_STYLED_ITEM('overriding color',(#4707),#2187,#4563);
#4707 = PRESENTATION_STYLE_ASSIGNMENT((#4708));
#4708 = SURFACE_STYLE_USAGE(.BOTH.,#4709);
#4709 = SURFACE_SIDE_STYLE('',(#4710));
#4710 = SURFACE_STYLE_FILL_AREA(#4711);
#4711 = FILL_AREA_STYLE('',(#4712));
#4712 = FILL_AREA_STYLE_COLOUR('',#4614);
#4713 = OVER_RIDING_STYLED_ITEM('overriding color',(#4714),#2212,#4563);
#4714 = PRESENTATION_STYLE_ASSIGNMENT((#4715));
#4715 = SURFACE_STYLE_USAGE(.BOTH.,#4716);
#4716 = SURFACE_SIDE_STYLE('',(#4717));
#4717 = SURFACE_STYLE_FILL_AREA(#4718);
#4718 = FILL_AREA_STYLE('',(#4719));
#4719 = FILL_AREA_STYLE_COLOUR('',#4614);
#4720 = OVER_RIDING_STYLED_ITEM('overriding color',(#4721),#2236,#4563);
#4721 = PRESENTATION_STYLE_ASSIGNMENT((#4722));
#4722 = SURFACE_STYLE_USAGE(.BOTH.,#4723);
#4723 = SURFACE_SIDE_STYLE('',(#4724));
#4724 = SURFACE_STYLE_FILL_AREA(#4725);
#4725 = FILL_AREA_STYLE('',(#4726));
#4726 = FILL_AREA_STYLE_COLOUR('',#4614);
#4727 = OVER_RIDING_STYLED_ITEM('overriding color',(#4728),#2261,#4563);
#4728 = PRESENTATION_STYLE_ASSIGNMENT((#4729));
#4729 = SURFACE_STYLE_USAGE(.BOTH.,#4730);
#4730 = SURFACE_SIDE_STYLE('',(#4731));
#4731 = SURFACE_STYLE_FILL_AREA(#4732);
#4732 = FILL_AREA_STYLE('',(#4733));
#4733 = FILL_AREA_STYLE_COLOUR('',#4614);
#4734 = OVER_RIDING_STYLED_ITEM('overriding color',(#4735),#2285,#4563);
#4735 = PRESENTATION_STYLE_ASSIGNMENT((#4736));
#4736 = SURFACE_STYLE_USAGE(.BOTH.,#4737);
#4737 = SURFACE_SIDE_STYLE('',(#4738));
#4738 = SURFACE_STYLE_FILL_AREA(#4739);
#4739 = FILL_AREA_STYLE('',(#4740));
#4740 = FILL_AREA_STYLE_COLOUR('',#4614);
#4741 = OVER_RIDING_STYLED_ITEM('overriding color',(#4742),#2310,#4563);
#4742 = PRESENTATION_STYLE_ASSIGNMENT((#4743));
#4743 = SURFACE_STYLE_USAGE(.BOTH.,#4744);
#4744 = SURFACE_SIDE_STYLE('',(#4745));
#4745 = SURFACE_STYLE_FILL_AREA(#4746);
#4746 = FILL_AREA_STYLE('',(#4747));
#4747 = FILL_AREA_STYLE_COLOUR('',#4614);
#4748 = OVER_RIDING_STYLED_ITEM('overriding color',(#4749),#2334,#4563);
#4749 = PRESENTATION_STYLE_ASSIGNMENT((#4750));
#4750 = SURFACE_STYLE_USAGE(.BOTH.,#4751);
#4751 = SURFACE_SIDE_STYLE('',(#4752));
#4752 = SURFACE_STYLE_FILL_AREA(#4753);
#4753 = FILL_AREA_STYLE('',(#4754));
#4754 = FILL_AREA_STYLE_COLOUR('',#4614);
#4755 = OVER_RIDING_STYLED_ITEM('overriding color',(#4756),#2352,#4563);
#4756 = PRESENTATION_STYLE_ASSIGNMENT((#4757));
#4757 = SURFACE_STYLE_USAGE(.BOTH.,#4758);
#4758 = SURFACE_SIDE_STYLE('',(#4759));
#4759 = SURFACE_STYLE_FILL_AREA(#4760);
#4760 = FILL_AREA_STYLE('',(#4761));
#4761 = FILL_AREA_STYLE_COLOUR('',#4614);
#4762 = OVER_RIDING_STYLED_ITEM('overriding color',(#4763),#2385,#4563);
#4763 = PRESENTATION_STYLE_ASSIGNMENT((#4764));
#4764 = SURFACE_STYLE_USAGE(.BOTH.,#4765);
#4765 = SURFACE_SIDE_STYLE('',(#4766));
#4766 = SURFACE_STYLE_FILL_AREA(#4767);
#4767 = FILL_AREA_STYLE('',(#4768));
#4768 = FILL_AREA_STYLE_COLOUR('',#4614);
#4769 = OVER_RIDING_STYLED_ITEM('overriding color',(#4770),#2414,#4563);
#4770 = PRESENTATION_STYLE_ASSIGNMENT((#4771));
#4771 = SURFACE_STYLE_USAGE(.BOTH.,#4772);
#4772 = SURFACE_SIDE_STYLE('',(#4773));
#4773 = SURFACE_STYLE_FILL_AREA(#4774);
#4774 = FILL_AREA_STYLE('',(#4775));
#4775 = FILL_AREA_STYLE_COLOUR('',#4614);
#4776 = OVER_RIDING_STYLED_ITEM('overriding color',(#4777),#2439,#4563);
#4777 = PRESENTATION_STYLE_ASSIGNMENT((#4778));
#4778 = SURFACE_STYLE_USAGE(.BOTH.,#4779);
#4779 = SURFACE_SIDE_STYLE('',(#4780));
#4780 = SURFACE_STYLE_FILL_AREA(#4781);
#4781 = FILL_AREA_STYLE('',(#4782));
#4782 = FILL_AREA_STYLE_COLOUR('',#4614);
#4783 = OVER_RIDING_STYLED_ITEM('overriding color',(#4784),#2468,#4563);
#4784 = PRESENTATION_STYLE_ASSIGNMENT((#4785));
#4785 = SURFACE_STYLE_USAGE(.BOTH.,#4786);
#4786 = SURFACE_SIDE_STYLE('',(#4787));
#4787 = SURFACE_STYLE_FILL_AREA(#4788);
#4788 = FILL_AREA_STYLE('',(#4789));
#4789 = FILL_AREA_STYLE_COLOUR('',#4614);
#4790 = OVER_RIDING_STYLED_ITEM('overriding color',(#4791),#2493,#4563);
#4791 = PRESENTATION_STYLE_ASSIGNMENT((#4792));
#4792 = SURFACE_STYLE_USAGE(.BOTH.,#4793);
#4793 = SURFACE_SIDE_STYLE('',(#4794));
#4794 = SURFACE_STYLE_FILL_AREA(#4795);
#4795 = FILL_AREA_STYLE('',(#4796));
#4796 = FILL_AREA_STYLE_COLOUR('',#4614);
#4797 = OVER_RIDING_STYLED_ITEM('overriding color',(#4798),#2522,#4563);
#4798 = PRESENTATION_STYLE_ASSIGNMENT((#4799));
#4799 = SURFACE_STYLE_USAGE(.BOTH.,#4800);
#4800 = SURFACE_SIDE_STYLE('',(#4801));
#4801 = SURFACE_STYLE_FILL_AREA(#4802);
#4802 = FILL_AREA_STYLE('',(#4803));
#4803 = FILL_AREA_STYLE_COLOUR('',#4614);
#4804 = OVER_RIDING_STYLED_ITEM('overriding color',(#4805),#2545,#4563);
#4805 = PRESENTATION_STYLE_ASSIGNMENT((#4806));
#4806 = SURFACE_STYLE_USAGE(.BOTH.,#4807);
#4807 = SURFACE_SIDE_STYLE('',(#4808));
#4808 = SURFACE_STYLE_FILL_AREA(#4809);
#4809 = FILL_AREA_STYLE('',(#4810));
#4810 = FILL_AREA_STYLE_COLOUR('',#4614);
#4811 = OVER_RIDING_STYLED_ITEM('overriding color',(#4812),#2568,#4563);
#4812 = PRESENTATION_STYLE_ASSIGNMENT((#4813));
#4813 = SURFACE_STYLE_USAGE(.BOTH.,#4814);
#4814 = SURFACE_SIDE_STYLE('',(#4815));
#4815 = SURFACE_STYLE_FILL_AREA(#4816);
#4816 = FILL_AREA_STYLE('',(#4817));
#4817 = FILL_AREA_STYLE_COLOUR('',#4614);
#4818 = OVER_RIDING_STYLED_ITEM('overriding color',(#4819),#2601,#4563);
#4819 = PRESENTATION_STYLE_ASSIGNMENT((#4820));
#4820 = SURFACE_STYLE_USAGE(.BOTH.,#4821);
#4821 = SURFACE_SIDE_STYLE('',(#4822));
#4822 = SURFACE_STYLE_FILL_AREA(#4823);
#4823 = FILL_AREA_STYLE('',(#4824));
#4824 = FILL_AREA_STYLE_COLOUR('',#4614);
#4825 = OVER_RIDING_STYLED_ITEM('overriding color',(#4826),#2630,#4563);
#4826 = PRESENTATION_STYLE_ASSIGNMENT((#4827));
#4827 = SURFACE_STYLE_USAGE(.BOTH.,#4828);
#4828 = SURFACE_SIDE_STYLE('',(#4829));
#4829 = SURFACE_STYLE_FILL_AREA(#4830);
#4830 = FILL_AREA_STYLE('',(#4831));
#4831 = FILL_AREA_STYLE_COLOUR('',#4614);
#4832 = OVER_RIDING_STYLED_ITEM('overriding color',(#4833),#2655,#4563);
#4833 = PRESENTATION_STYLE_ASSIGNMENT((#4834));
#4834 = SURFACE_STYLE_USAGE(.BOTH.,#4835);
#4835 = SURFACE_SIDE_STYLE('',(#4836));
#4836 = SURFACE_STYLE_FILL_AREA(#4837);
#4837 = FILL_AREA_STYLE('',(#4838));
#4838 = FILL_AREA_STYLE_COLOUR('',#4614);
#4839 = OVER_RIDING_STYLED_ITEM('overriding color',(#4840),#2684,#4563);
#4840 = PRESENTATION_STYLE_ASSIGNMENT((#4841));
#4841 = SURFACE_STYLE_USAGE(.BOTH.,#4842);
#4842 = SURFACE_SIDE_STYLE('',(#4843));
#4843 = SURFACE_STYLE_FILL_AREA(#4844);
#4844 = FILL_AREA_STYLE('',(#4845));
#4845 = FILL_AREA_STYLE_COLOUR('',#4614);
#4846 = OVER_RIDING_STYLED_ITEM('overriding color',(#4847),#2709,#4563);
#4847 = PRESENTATION_STYLE_ASSIGNMENT((#4848));
#4848 = SURFACE_STYLE_USAGE(.BOTH.,#4849);
#4849 = SURFACE_SIDE_STYLE('',(#4850));
#4850 = SURFACE_STYLE_FILL_AREA(#4851);
#4851 = FILL_AREA_STYLE('',(#4852));
#4852 = FILL_AREA_STYLE_COLOUR('',#4614);
#4853 = OVER_RIDING_STYLED_ITEM('overriding color',(#4854),#2738,#4563);
#4854 = PRESENTATION_STYLE_ASSIGNMENT((#4855));
#4855 = SURFACE_STYLE_USAGE(.BOTH.,#4856);
#4856 = SURFACE_SIDE_STYLE('',(#4857));
#4857 = SURFACE_STYLE_FILL_AREA(#4858);
#4858 = FILL_AREA_STYLE('',(#4859));
#4859 = FILL_AREA_STYLE_COLOUR('',#4614);
#4860 = OVER_RIDING_STYLED_ITEM('overriding color',(#4861),#2761,#4563);
#4861 = PRESENTATION_STYLE_ASSIGNMENT((#4862));
#4862 = SURFACE_STYLE_USAGE(.BOTH.,#4863);
#4863 = SURFACE_SIDE_STYLE('',(#4864));
#4864 = SURFACE_STYLE_FILL_AREA(#4865);
#4865 = FILL_AREA_STYLE('',(#4866));
#4866 = FILL_AREA_STYLE_COLOUR('',#4614);
#4867 = OVER_RIDING_STYLED_ITEM('overriding color',(#4868),#2784,#4563);
#4868 = PRESENTATION_STYLE_ASSIGNMENT((#4869));
#4869 = SURFACE_STYLE_USAGE(.BOTH.,#4870);
#4870 = SURFACE_SIDE_STYLE('',(#4871));
#4871 = SURFACE_STYLE_FILL_AREA(#4872);
#4872 = FILL_AREA_STYLE('',(#4873));
#4873 = FILL_AREA_STYLE_COLOUR('',#4614);
#4874 = OVER_RIDING_STYLED_ITEM('overriding color',(#4875),#2796,#4563);
#4875 = PRESENTATION_STYLE_ASSIGNMENT((#4876));
#4876 = SURFACE_STYLE_USAGE(.BOTH.,#4877);
#4877 = SURFACE_SIDE_STYLE('',(#4878));
#4878 = SURFACE_STYLE_FILL_AREA(#4879);
#4879 = FILL_AREA_STYLE('',(#4880));
#4880 = FILL_AREA_STYLE_COLOUR('',#4614);
#4881 = MECHANICAL_DESIGN_GEOMETRIC_PRESENTATION_REPRESENTATION('',(
    #4882),#4211);
#4882 = STYLED_ITEM('color',(#4883),#4061);
#4883 = PRESENTATION_STYLE_ASSIGNMENT((#4884,#4890));
#4884 = SURFACE_STYLE_USAGE(.BOTH.,#4885);
#4885 = SURFACE_SIDE_STYLE('',(#4886));
#4886 = SURFACE_STYLE_FILL_AREA(#4887);
#4887 = FILL_AREA_STYLE('',(#4888));
#4888 = FILL_AREA_STYLE_COLOUR('',#4889);
#4889 = COLOUR_RGB('',0.792156867455,0.776470591567,0.729411770324);
#4890 = CURVE_STYLE('',#4891,POSITIVE_LENGTH_MEASURE(0.1),#4889);
#4891 = DRAUGHTING_PRE_DEFINED_CURVE_FONT('continuous');
#4892 = MECHANICAL_DESIGN_GEOMETRIC_PRESENTATION_REPRESENTATION('',(
    #4893),#4454);
#4893 = STYLED_ITEM('color',(#4894),#4304);
#4894 = PRESENTATION_STYLE_ASSIGNMENT((#4895,#4901));
#4895 = SURFACE_STYLE_USAGE(.BOTH.,#4896);
#4896 = SURFACE_SIDE_STYLE('',(#4897));
#4897 = SURFACE_STYLE_FILL_AREA(#4898);
#4898 = FILL_AREA_STYLE('',(#4899));
#4899 = FILL_AREA_STYLE_COLOUR('',#4900);
#4900 = DRAUGHTING_PRE_DEFINED_COLOUR('black');
#4901 = CURVE_STYLE('',#4902,POSITIVE_LENGTH_MEASURE(0.1),#4900);
#4902 = DRAUGHTING_PRE_DEFINED_CURVE_FONT('continuous');
#4903 = MECHANICAL_DESIGN_GEOMETRIC_PRESENTATION_REPRESENTATION('',(
    #4904),#3025);
#4904 = STYLED_ITEM('color',(#4905),#2875);
#4905 = PRESENTATION_STYLE_ASSIGNMENT((#4906,#4912));
#4906 = SURFACE_STYLE_USAGE(.BOTH.,#4907);
#4907 = SURFACE_SIDE_STYLE('',(#4908));
#4908 = SURFACE_STYLE_FILL_AREA(#4909);
#4909 = FILL_AREA_STYLE('',(#4910));
#4910 = FILL_AREA_STYLE_COLOUR('',#4911);
#4911 = COLOUR_RGB('',0.839215683236,0.839215683236,0.839215683236);
#4912 = CURVE_STYLE('',#4913,POSITIVE_LENGTH_MEASURE(0.1),#4911);
#4913 = DRAUGHTING_PRE_DEFINED_CURVE_FONT('continuous');
#4914 = MECHANICAL_DESIGN_GEOMETRIC_PRESENTATION_REPRESENTATION('',(
    #4915),#3217);
#4915 = STYLED_ITEM('color',(#4916),#3067);
#4916 = PRESENTATION_STYLE_ASSIGNMENT((#4917,#4923));
#4917 = SURFACE_STYLE_USAGE(.BOTH.,#4918);
#4918 = SURFACE_SIDE_STYLE('',(#4919));
#4919 = SURFACE_STYLE_FILL_AREA(#4920);
#4920 = FILL_AREA_STYLE('',(#4921));
#4921 = FILL_AREA_STYLE_COLOUR('',#4922);
#4922 = COLOUR_RGB('',1.,0.933333342953,0.);
#4923 = CURVE_STYLE('',#4924,POSITIVE_LENGTH_MEASURE(0.1),#4922);
#4924 = DRAUGHTING_PRE_DEFINED_CURVE_FONT('continuous');
#4925 = MECHANICAL_DESIGN_GEOMETRIC_PRESENTATION_REPRESENTATION('',(
    #4926),#3409);
#4926 = STYLED_ITEM('color',(#4927),#3259);
#4927 = PRESENTATION_STYLE_ASSIGNMENT((#4928,#4933));
#4928 = SURFACE_STYLE_USAGE(.BOTH.,#4929);
#4929 = SURFACE_SIDE_STYLE('',(#4930));
#4930 = SURFACE_STYLE_FILL_AREA(#4931);
#4931 = FILL_AREA_STYLE('',(#4932));
#4932 = FILL_AREA_STYLE_COLOUR('',#4911);
#4933 = CURVE_STYLE('',#4934,POSITIVE_LENGTH_MEASURE(0.1),#4911);
#4934 = DRAUGHTING_PRE_DEFINED_CURVE_FONT('continuous');
ENDSEC;
END-ISO-10303-21;
